idna_subject,checker_type,destination,source,tested_at,session_id
0-bbs.com,AVAILABILITY,origin.list,origin.list,2023-06-26 08:24:12.071533,daabdea7ee7556c1c1ba32e7
0-61.com,AVAILABILITY,origin.list,origin.list,2023-06-26 08:24:12.829725,daabdea7ee7556c1c1ba32e7
0.xxx-cdn.com,AVAILABILITY,origin.list,origin.list,2023-06-26 08:24:13.085322,daabdea7ee7556c1c1ba32e7
0007msc.com,AVAILABILITY,origin.list,origin.list,2023-06-26 08:24:13.525715,daabdea7ee7556c1c1ba32e7
00030cz.com,AVAILABILITY,origin.list,origin.list,2023-06-26 08:24:14.040998,daabdea7ee7556c1c1ba32e7
0000114.com,AVAILABILITY,origin.list,origin.list,2023-06-26 08:24:14.137375,daabdea7ee7556c1c1ba32e7
0018866.com,AVAILABILITY,origin.list,origin.list,2023-06-26 08:24:16.400632,daabdea7ee7556c1c1ba32e7
001aa.xyz,AVAILABILITY,origin.list,origin.list,2023-06-26 08:24:17.625510,daabdea7ee7556c1c1ba32e7
001apetube.com,AVAILABILITY,origin.list,origin.list,2023-06-26 08:24:18.352311,daabdea7ee7556c1c1ba32e7
00296.wang,AVAILABILITY,origin.list,origin.list,2023-06-26 08:24:20.255808,daabdea7ee7556c1c1ba32e7
001215.com,AVAILABILITY,origin.list,origin.list,2023-06-26 08:24:21.054927,daabdea7ee7556c1c1ba32e7
002987.com,AVAILABILITY,origin.list,origin.list,2023-06-26 08:24:21.430101,daabdea7ee7556c1c1ba32e7
001808.com,AVAILABILITY,origin.list,origin.list,2023-06-26 08:24:22.119613,daabdea7ee7556c1c1ba32e7
002aa.xyz,AVAILABILITY,origin.list,origin.list,2023-06-26 08:24:22.971460,daabdea7ee7556c1c1ba32e7
002ab.xyz,AVAILABILITY,origin.list,origin.list,2023-06-26 08:24:23.828161,daabdea7ee7556c1c1ba32e7
0006666.net,AVAILABILITY,origin.list,origin.list,2023-06-26 08:24:24.066327,daabdea7ee7556c1c1ba32e7
003593.com,AVAILABILITY,origin.list,origin.list,2023-06-26 08:24:24.545723,daabdea7ee7556c1c1ba32e7
003709.com,AVAILABILITY,origin.list,origin.list,2023-06-26 08:24:26.488038,daabdea7ee7556c1c1ba32e7
003732.com,AVAILABILITY,origin.list,origin.list,2023-06-26 08:24:26.614049,daabdea7ee7556c1c1ba32e7
003814.com,AVAILABILITY,origin.list,origin.list,2023-06-26 08:24:26.996325,daabdea7ee7556c1c1ba32e7
003582.com,AVAILABILITY,origin.list,origin.list,2023-06-26 08:24:27.313978,daabdea7ee7556c1c1ba32e7
003834.com,AVAILABILITY,origin.list,origin.list,2023-06-26 08:24:27.467544,daabdea7ee7556c1c1ba32e7
003xx.com,AVAILABILITY,origin.list,origin.list,2023-06-26 08:24:28.282223,daabdea7ee7556c1c1ba32e7
004f.com,AVAILABILITY,origin.list,origin.list,2023-06-26 08:24:28.671255,daabdea7ee7556c1c1ba32e7
004aa.xyz,AVAILABILITY,origin.list,origin.list,2023-06-26 08:24:28.804447,daabdea7ee7556c1c1ba32e7
00532h.com,AVAILABILITY,origin.list,origin.list,2023-06-26 08:24:30.468426,daabdea7ee7556c1c1ba32e7
003907.com,AVAILABILITY,origin.list,origin.list,2023-06-26 08:24:31.227267,daabdea7ee7556c1c1ba32e7
003956.com,AVAILABILITY,origin.list,origin.list,2023-06-26 08:24:31.335327,daabdea7ee7556c1c1ba32e7
005278.com,AVAILABILITY,origin.list,origin.list,2023-06-26 08:24:31.844744,daabdea7ee7556c1c1ba32e7
00656.wang,AVAILABILITY,origin.list,origin.list,2023-06-26 08:24:33.889343,daabdea7ee7556c1c1ba32e7
00608.wang,AVAILABILITY,origin.list,origin.list,2023-06-26 08:24:34.027375,daabdea7ee7556c1c1ba32e7
006aa.xyz,AVAILABILITY,origin.list,origin.list,2023-06-26 08:24:35.712079,daabdea7ee7556c1c1ba32e7
007aa.xyz,AVAILABILITY,origin.list,origin.list,2023-06-26 08:24:36.341264,daabdea7ee7556c1c1ba32e7
007jdsj.com,AVAILABILITY,origin.list,origin.list,2023-06-26 08:24:37.487462,daabdea7ee7556c1c1ba32e7
007mp3.com,AVAILABILITY,origin.list,origin.list,2023-06-26 08:24:39.004846,daabdea7ee7556c1c1ba32e7
005005.mom,AVAILABILITY,origin.list,origin.list,2023-06-26 08:24:39.328877,daabdea7ee7556c1c1ba32e7
00861111.com,AVAILABILITY,origin.list,origin.list,2023-06-26 08:24:40.357090,daabdea7ee7556c1c1ba32e7
00555.mom,AVAILABILITY,origin.list,origin.list,2023-06-26 08:24:40.992069,daabdea7ee7556c1c1ba32e7
0099ccb.com,AVAILABILITY,origin.list,origin.list,2023-06-26 08:24:41.239771,daabdea7ee7556c1c1ba32e7
00623.vip,AVAILABILITY,origin.list,origin.list,2023-06-26 08:24:41.745300,daabdea7ee7556c1c1ba32e7
009503.com,AVAILABILITY,origin.list,origin.list,2023-06-26 08:24:41.978447,daabdea7ee7556c1c1ba32e7
009aa.xyz,AVAILABILITY,origin.list,origin.list,2023-06-26 08:24:42.367525,daabdea7ee7556c1c1ba32e7
009ab.xyz,AVAILABILITY,origin.list,origin.list,2023-06-26 08:24:42.947761,daabdea7ee7556c1c1ba32e7
010anna.com,AVAILABILITY,origin.list,origin.list,2023-06-26 08:24:43.424001,daabdea7ee7556c1c1ba32e7
00mov.com,AVAILABILITY,origin.list,origin.list,2023-06-26 08:24:43.719441,daabdea7ee7556c1c1ba32e7
00se.com,AVAILABILITY,origin.list,origin.list,2023-06-26 08:24:43.978470,daabdea7ee7556c1c1ba32e7
010spsj.com,AVAILABILITY,origin.list,origin.list,2023-06-26 08:24:44.625182,daabdea7ee7556c1c1ba32e7
010lsfcjf.com,AVAILABILITY,origin.list,origin.list,2023-06-26 08:24:45.382952,daabdea7ee7556c1c1ba32e7
010sdkt.com,AVAILABILITY,origin.list,origin.list,2023-06-26 08:24:45.833346,daabdea7ee7556c1c1ba32e7
010hcc.com,AVAILABILITY,origin.list,origin.list,2023-06-26 08:24:45.913459,daabdea7ee7556c1c1ba32e7
010sds.xyz,AVAILABILITY,origin.list,origin.list,2023-06-26 08:24:46.513865,daabdea7ee7556c1c1ba32e7
010tianqi.com,AVAILABILITY,origin.list,origin.list,2023-06-26 08:24:47.116042,daabdea7ee7556c1c1ba32e7
012342.com,AVAILABILITY,origin.list,origin.list,2023-06-26 08:24:47.533882,daabdea7ee7556c1c1ba32e7
012sds.xyz,AVAILABILITY,origin.list,origin.list,2023-06-26 08:24:48.099394,daabdea7ee7556c1c1ba32e7
010zentan.net,AVAILABILITY,origin.list,origin.list,2023-06-26 08:24:48.138319,daabdea7ee7556c1c1ba32e7
011sds.xyz,AVAILABILITY,origin.list,origin.list,2023-06-26 08:24:48.270506,daabdea7ee7556c1c1ba32e7
013sds.xyz,AVAILABILITY,origin.list,origin.list,2023-06-26 08:24:49.139332,daabdea7ee7556c1c1ba32e7
013761.com,AVAILABILITY,origin.list,origin.list,2023-06-26 08:24:49.521546,daabdea7ee7556c1c1ba32e7
014sds.com,AVAILABILITY,origin.list,origin.list,2023-06-26 08:24:49.694304,daabdea7ee7556c1c1ba32e7
014sds.xyz,AVAILABILITY,origin.list,origin.list,2023-06-26 08:24:49.798393,daabdea7ee7556c1c1ba32e7
015st.com,AVAILABILITY,origin.list,origin.list,2023-06-26 08:24:50.263873,daabdea7ee7556c1c1ba32e7
015caiji.com,AVAILABILITY,origin.list,origin.list,2023-06-26 08:24:50.618778,daabdea7ee7556c1c1ba32e7
016sds.xyz,AVAILABILITY,origin.list,origin.list,2023-06-26 08:24:51.063699,daabdea7ee7556c1c1ba32e7
015sds.xyz,AVAILABILITY,origin.list,origin.list,2023-06-26 08:24:51.584618,daabdea7ee7556c1c1ba32e7
01738.wang,AVAILABILITY,origin.list,origin.list,2023-06-26 08:24:51.618574,daabdea7ee7556c1c1ba32e7
018889.com,AVAILABILITY,origin.list,origin.list,2023-06-26 08:24:52.117897,daabdea7ee7556c1c1ba32e7
013987.com,AVAILABILITY,origin.list,origin.list,2023-06-26 08:24:52.722441,daabdea7ee7556c1c1ba32e7
017sds.xyz,AVAILABILITY,origin.list,origin.list,2023-06-26 08:24:52.839929,daabdea7ee7556c1c1ba32e7
0178pay.com,AVAILABILITY,origin.list,origin.list,2023-06-26 08:24:52.927916,daabdea7ee7556c1c1ba32e7
018sds.xyz,AVAILABILITY,origin.list,origin.list,2023-06-26 08:24:53.594767,daabdea7ee7556c1c1ba32e7
019sds.xyz,AVAILABILITY,origin.list,origin.list,2023-06-26 08:24:53.851545,daabdea7ee7556c1c1ba32e7
017765.com,AVAILABILITY,origin.list,origin.list,2023-06-26 08:24:53.940609,daabdea7ee7556c1c1ba32e7
01axx.com,AVAILABILITY,origin.list,origin.list,2023-06-26 08:24:54.997462,daabdea7ee7556c1c1ba32e7
01agg.com,AVAILABILITY,origin.list,origin.list,2023-06-26 08:24:55.032178,daabdea7ee7556c1c1ba32e7
01abb.com,AVAILABILITY,origin.list,origin.list,2023-06-26 08:24:55.266686,daabdea7ee7556c1c1ba32e7
01aee.com,AVAILABILITY,origin.list,origin.list,2023-06-26 08:24:55.510414,daabdea7ee7556c1c1ba32e7
01azz.com,AVAILABILITY,origin.list,origin.list,2023-06-26 08:24:56.086692,daabdea7ee7556c1c1ba32e7
01ddtv.com,AVAILABILITY,origin.list,origin.list,2023-06-26 08:24:56.829447,daabdea7ee7556c1c1ba32e7
01bxbx.com,AVAILABILITY,origin.list,origin.list,2023-06-26 08:24:56.981854,daabdea7ee7556c1c1ba32e7
01ddx.com,AVAILABILITY,origin.list,origin.list,2023-06-26 08:24:57.480554,daabdea7ee7556c1c1ba32e7
01jgc.com,AVAILABILITY,origin.list,origin.list,2023-06-26 08:24:57.830104,daabdea7ee7556c1c1ba32e7
01dee.com,AVAILABILITY,origin.list,origin.list,2023-06-26 08:24:57.889099,daabdea7ee7556c1c1ba32e7
01qxqx.com,AVAILABILITY,origin.list,origin.list,2023-06-26 08:24:58.177195,daabdea7ee7556c1c1ba32e7
01xjj.com,AVAILABILITY,origin.list,origin.list,2023-06-26 08:24:58.491515,daabdea7ee7556c1c1ba32e7
020houde.com,AVAILABILITY,origin.list,origin.list,2023-06-26 08:24:58.675421,daabdea7ee7556c1c1ba32e7
01zgg.com,AVAILABILITY,origin.list,origin.list,2023-06-26 08:24:58.787542,daabdea7ee7556c1c1ba32e7
020rcw.com,AVAILABILITY,origin.list,origin.list,2023-06-26 08:24:59.020596,daabdea7ee7556c1c1ba32e7
021-gay.com,AVAILABILITY,origin.list,origin.list,2023-06-26 08:24:59.044868,daabdea7ee7556c1c1ba32e7
020sds.com,AVAILABILITY,origin.list,origin.list,2023-06-26 08:24:59.907646,daabdea7ee7556c1c1ba32e7
020sds.xyz,AVAILABILITY,origin.list,origin.list,2023-06-26 08:25:00.052874,daabdea7ee7556c1c1ba32e7
02012345.net,AVAILABILITY,origin.list,origin.list,2023-06-26 08:25:00.182107,daabdea7ee7556c1c1ba32e7
0212012.com,AVAILABILITY,origin.list,origin.list,2023-06-26 08:25:00.958981,daabdea7ee7556c1c1ba32e7
021caiji.com,AVAILABILITY,origin.list,origin.list,2023-06-26 08:25:01.118725,daabdea7ee7556c1c1ba32e7
021515.com,AVAILABILITY,origin.list,origin.list,2023-06-26 08:25:01.872328,daabdea7ee7556c1c1ba32e7
021ande.com,AVAILABILITY,origin.list,origin.list,2023-06-26 08:25:02.306104,daabdea7ee7556c1c1ba32e7
021enbo.com,AVAILABILITY,origin.list,origin.list,2023-06-26 08:25:03.601726,daabdea7ee7556c1c1ba32e7
021kyjw.com,AVAILABILITY,origin.list,origin.list,2023-06-26 08:25:04.721902,daabdea7ee7556c1c1ba32e7
021jienwl.com,AVAILABILITY,origin.list,origin.list,2023-06-26 08:25:04.750953,daabdea7ee7556c1c1ba32e7
021kongtiaohuishou.com,AVAILABILITY,origin.list,origin.list,2023-06-26 08:25:04.842607,daabdea7ee7556c1c1ba32e7
021dqfm.com,AVAILABILITY,origin.list,origin.list,2023-06-26 08:25:05.635828,daabdea7ee7556c1c1ba32e7
021des.com,AVAILABILITY,origin.list,origin.list,2023-06-26 08:25:05.792198,daabdea7ee7556c1c1ba32e7
021lb.com,AVAILABILITY,origin.list,origin.list,2023-06-26 08:25:06.940206,daabdea7ee7556c1c1ba32e7
021moon.com,AVAILABILITY,origin.list,origin.list,2023-06-26 08:25:06.955846,daabdea7ee7556c1c1ba32e7
021sds.xyz,AVAILABILITY,origin.list,origin.list,2023-06-26 08:25:06.977309,daabdea7ee7556c1c1ba32e7
021shys.com,AVAILABILITY,origin.list,origin.list,2023-06-26 08:25:07.678607,daabdea7ee7556c1c1ba32e7
021sangna.com,AVAILABILITY,origin.list,origin.list,2023-06-26 08:25:07.741953,daabdea7ee7556c1c1ba32e7
021puan.com,AVAILABILITY,origin.list,origin.list,2023-06-26 08:25:07.787560,daabdea7ee7556c1c1ba32e7
021xxwz.com,AVAILABILITY,origin.list,origin.list,2023-06-26 08:25:09.574803,daabdea7ee7556c1c1ba32e7
021zy99.com,AVAILABILITY,origin.list,origin.list,2023-06-26 08:25:10.061700,daabdea7ee7556c1c1ba32e7
021zl.com,AVAILABILITY,origin.list,origin.list,2023-06-26 08:25:12.041175,daabdea7ee7556c1c1ba32e7
022che.net,AVAILABILITY,origin.list,origin.list,2023-06-26 08:25:13.057565,daabdea7ee7556c1c1ba32e7
021songjiang.com,AVAILABILITY,origin.list,origin.list,2023-06-26 08:25:13.662737,daabdea7ee7556c1c1ba32e7
022sds.xyz,AVAILABILITY,origin.list,origin.list,2023-06-26 08:25:13.972789,daabdea7ee7556c1c1ba32e7
022148.com,AVAILABILITY,origin.list,origin.list,2023-06-26 08:25:16.648779,daabdea7ee7556c1c1ba32e7
023fax.com,AVAILABILITY,origin.list,origin.list,2023-06-26 08:25:19.740036,daabdea7ee7556c1c1ba32e7
022zyp.net,AVAILABILITY,origin.list,origin.list,2023-06-26 08:25:21.334986,daabdea7ee7556c1c1ba32e7
023sds.xyz,AVAILABILITY,origin.list,origin.list,2023-06-26 08:25:21.381682,daabdea7ee7556c1c1ba32e7
023hghdf.com,AVAILABILITY,origin.list,origin.list,2023-06-26 08:25:22.005931,daabdea7ee7556c1c1ba32e7
023yxt.com,AVAILABILITY,origin.list,origin.list,2023-06-26 08:25:22.795863,daabdea7ee7556c1c1ba32e7
024619.com,AVAILABILITY,origin.list,origin.list,2023-06-26 08:25:22.801718,daabdea7ee7556c1c1ba32e7
023zfw.com,AVAILABILITY,origin.list,origin.list,2023-06-26 08:25:23.984258,daabdea7ee7556c1c1ba32e7
024jbt.com,AVAILABILITY,origin.list,origin.list,2023-06-26 08:25:25.945859,daabdea7ee7556c1c1ba32e7
023813.com,AVAILABILITY,origin.list,origin.list,2023-06-26 08:25:26.291973,daabdea7ee7556c1c1ba32e7
024ly.net,AVAILABILITY,origin.list,origin.list,2023-06-26 08:25:27.176197,daabdea7ee7556c1c1ba32e7
023jiazheng.com,AVAILABILITY,origin.list,origin.list,2023-06-26 08:25:27.231694,daabdea7ee7556c1c1ba32e7
024xtl.com,AVAILABILITY,origin.list,origin.list,2023-06-26 08:25:29.253419,daabdea7ee7556c1c1ba32e7
024tuofa.com,AVAILABILITY,origin.list,origin.list,2023-06-26 08:25:29.315950,daabdea7ee7556c1c1ba32e7
024bdfyy.com,AVAILABILITY,origin.list,origin.list,2023-06-26 08:25:31.523886,daabdea7ee7556c1c1ba32e7
024sds.xyz,AVAILABILITY,origin.list,origin.list,2023-06-26 08:25:32.531995,daabdea7ee7556c1c1ba32e7
024ysfs.com,AVAILABILITY,origin.list,origin.list,2023-06-26 08:25:33.449028,daabdea7ee7556c1c1ba32e7
025cct.com,AVAILABILITY,origin.list,origin.list,2023-06-26 08:25:34.068218,daabdea7ee7556c1c1ba32e7
025415.com,AVAILABILITY,origin.list,origin.list,2023-06-26 08:25:35.841925,daabdea7ee7556c1c1ba32e7
025hospital.com,AVAILABILITY,origin.list,origin.list,2023-06-26 08:25:36.730487,daabdea7ee7556c1c1ba32e7
025804.cn,AVAILABILITY,origin.list,origin.list,2023-06-26 08:25:37.415337,daabdea7ee7556c1c1ba32e7
026pc.net,AVAILABILITY,origin.list,origin.list,2023-06-26 08:25:37.984603,daabdea7ee7556c1c1ba32e7
025sds.xyz,AVAILABILITY,origin.list,origin.list,2023-06-26 08:25:38.399050,daabdea7ee7556c1c1ba32e7
026sds.xyz,AVAILABILITY,origin.list,origin.list,2023-06-26 08:25:38.763470,daabdea7ee7556c1c1ba32e7
025876.com,AVAILABILITY,origin.list,origin.list,2023-06-26 08:25:38.932146,daabdea7ee7556c1c1ba32e7
025msj.com,AVAILABILITY,origin.list,origin.list,2023-06-26 08:25:39.760778,daabdea7ee7556c1c1ba32e7
027sds.xyz,AVAILABILITY,origin.list,origin.list,2023-06-26 08:25:41.084104,daabdea7ee7556c1c1ba32e7
027meibi.com,AVAILABILITY,origin.list,origin.list,2023-06-26 08:25:42.254401,daabdea7ee7556c1c1ba32e7
027mrt.com,AVAILABILITY,origin.list,origin.list,2023-06-26 08:25:42.300290,daabdea7ee7556c1c1ba32e7
028cheyi.com,AVAILABILITY,origin.list,origin.list,2023-06-26 08:25:43.357223,daabdea7ee7556c1c1ba32e7
027yyq.com,AVAILABILITY,origin.list,origin.list,2023-06-26 08:25:43.624043,daabdea7ee7556c1c1ba32e7
028bzzs.com,AVAILABILITY,origin.list,origin.list,2023-06-26 08:25:44.565977,daabdea7ee7556c1c1ba32e7
028mtr.com,AVAILABILITY,origin.list,origin.list,2023-06-26 08:25:46.234915,daabdea7ee7556c1c1ba32e7
028jkb.com,AVAILABILITY,origin.list,origin.list,2023-06-26 08:25:46.763584,daabdea7ee7556c1c1ba32e7
028pxxd.com,AVAILABILITY,origin.list,origin.list,2023-06-26 08:25:47.390227,daabdea7ee7556c1c1ba32e7
028yake.com,AVAILABILITY,origin.list,origin.list,2023-06-26 08:25:47.813388,daabdea7ee7556c1c1ba32e7
028sds.xyz,AVAILABILITY,origin.list,origin.list,2023-06-26 08:25:48.228684,daabdea7ee7556c1c1ba32e7
028rshop.com,AVAILABILITY,origin.list,origin.list,2023-06-26 08:25:48.285494,daabdea7ee7556c1c1ba32e7
028sizu.com,AVAILABILITY,origin.list,origin.list,2023-06-26 08:25:49.285099,daabdea7ee7556c1c1ba32e7
029621.com,AVAILABILITY,origin.list,origin.list,2023-06-26 08:25:53.274630,daabdea7ee7556c1c1ba32e7
0291818.com,AVAILABILITY,origin.list,origin.list,2023-06-26 08:25:54.250325,daabdea7ee7556c1c1ba32e7
028yechou.com,AVAILABILITY,origin.list,origin.list,2023-06-26 08:25:55.650390,daabdea7ee7556c1c1ba32e7
029hqgs.com,AVAILABILITY,origin.list,origin.list,2023-06-26 08:25:57.399698,daabdea7ee7556c1c1ba32e7
029ren.com,AVAILABILITY,origin.list,origin.list,2023-06-26 08:25:59.001948,daabdea7ee7556c1c1ba32e7
02952.vip,AVAILABILITY,origin.list,origin.list,2023-06-26 08:25:59.192556,daabdea7ee7556c1c1ba32e7
029sds.xyz,AVAILABILITY,origin.list,origin.list,2023-06-26 08:26:00.114119,daabdea7ee7556c1c1ba32e7
029yk.com,AVAILABILITY,origin.list,origin.list,2023-06-26 08:26:01.998478,daabdea7ee7556c1c1ba32e7
029875.com,AVAILABILITY,origin.list,origin.list,2023-06-26 08:26:02.260780,daabdea7ee7556c1c1ba32e7
029kq.com,AVAILABILITY,origin.list,origin.list,2023-06-26 08:26:02.356311,daabdea7ee7556c1c1ba32e7
029you.com,AVAILABILITY,origin.list,origin.list,2023-06-26 08:26:03.155468,daabdea7ee7556c1c1ba32e7
02axx.com,AVAILABILITY,origin.list,origin.list,2023-06-26 08:26:05.026046,daabdea7ee7556c1c1ba32e7
02abb.com,AVAILABILITY,origin.list,origin.list,2023-06-26 08:26:07.412930,daabdea7ee7556c1c1ba32e7
02aee.com,AVAILABILITY,origin.list,origin.list,2023-06-26 08:26:07.611543,daabdea7ee7556c1c1ba32e7
02att.com,AVAILABILITY,origin.list,origin.list,2023-06-26 08:26:11.241976,daabdea7ee7556c1c1ba32e7
02ddtv.com,AVAILABILITY,origin.list,origin.list,2023-06-26 08:26:14.598588,daabdea7ee7556c1c1ba32e7
02dee.com,AVAILABILITY,origin.list,origin.list,2023-06-26 08:26:16.379592,daabdea7ee7556c1c1ba32e7
02azz.com,AVAILABILITY,origin.list,origin.list,2023-06-26 08:26:17.408059,daabdea7ee7556c1c1ba32e7
02ddx.com,AVAILABILITY,origin.list,origin.list,2023-06-26 08:26:18.659016,daabdea7ee7556c1c1ba32e7
02spp.com,AVAILABILITY,origin.list,origin.list,2023-06-26 08:26:19.638454,daabdea7ee7556c1c1ba32e7
02bxbx.com,AVAILABILITY,origin.list,origin.list,2023-06-26 08:26:20.004528,daabdea7ee7556c1c1ba32e7
02qxqx.com,AVAILABILITY,origin.list,origin.list,2023-06-26 08:26:21.080639,daabdea7ee7556c1c1ba32e7
02xjj.com,AVAILABILITY,origin.list,origin.list,2023-06-26 08:26:30.389999,daabdea7ee7556c1c1ba32e7
030sds.com,AVAILABILITY,origin.list,origin.list,2023-06-26 08:26:31.578744,daabdea7ee7556c1c1ba32e7
02sds.com,AVAILABILITY,origin.list,origin.list,2023-06-26 08:26:32.884707,daabdea7ee7556c1c1ba32e7
02zgg.com,AVAILABILITY,origin.list,origin.list,2023-06-26 08:26:33.020383,daabdea7ee7556c1c1ba32e7
030sds.xyz,AVAILABILITY,origin.list,origin.list,2023-06-26 08:26:33.778450,daabdea7ee7556c1c1ba32e7
0310zyt.com,AVAILABILITY,origin.list,origin.list,2023-06-26 08:26:34.267626,daabdea7ee7556c1c1ba32e7
0311qq.com,AVAILABILITY,origin.list,origin.list,2023-06-26 08:26:37.413345,daabdea7ee7556c1c1ba32e7
0311wedding.com,AVAILABILITY,origin.list,origin.list,2023-06-26 08:26:37.467804,daabdea7ee7556c1c1ba32e7
03116666.com,AVAILABILITY,origin.list,origin.list,2023-06-26 08:26:38.570673,daabdea7ee7556c1c1ba32e7
0315seo.com,AVAILABILITY,origin.list,origin.list,2023-06-26 08:26:44.484758,daabdea7ee7556c1c1ba32e7
0312bj.com,AVAILABILITY,origin.list,origin.list,2023-06-26 08:26:45.941261,daabdea7ee7556c1c1ba32e7
0318gangbanwang.com,AVAILABILITY,origin.list,origin.list,2023-06-26 08:26:47.092363,daabdea7ee7556c1c1ba32e7
0312et.com,AVAILABILITY,origin.list,origin.list,2023-06-26 08:26:47.165764,daabdea7ee7556c1c1ba32e7
0310love.com,AVAILABILITY,origin.list,origin.list,2023-06-26 08:26:48.428050,daabdea7ee7556c1c1ba32e7
031sds.xyz,AVAILABILITY,origin.list,origin.list,2023-06-26 08:26:50.388712,daabdea7ee7556c1c1ba32e7
032611.com,AVAILABILITY,origin.list,origin.list,2023-06-26 08:26:51.739528,daabdea7ee7556c1c1ba32e7
0335i.com,AVAILABILITY,origin.list,origin.list,2023-06-26 08:26:54.871851,daabdea7ee7556c1c1ba32e7
0319zhopin.com,AVAILABILITY,origin.list,origin.list,2023-06-26 08:26:55.709471,daabdea7ee7556c1c1ba32e7
033234.com,AVAILABILITY,origin.list,origin.list,2023-06-26 08:26:55.900691,daabdea7ee7556c1c1ba32e7
0335la.com,AVAILABILITY,origin.list,origin.list,2023-06-26 08:26:55.989710,daabdea7ee7556c1c1ba32e7
032sds.xyz,AVAILABILITY,origin.list,origin.list,2023-06-26 08:26:56.580099,daabdea7ee7556c1c1ba32e7
0349sz.com,AVAILABILITY,origin.list,origin.list,2023-06-26 08:26:59.806011,daabdea7ee7556c1c1ba32e7
03356g.com,AVAILABILITY,origin.list,origin.list,2023-06-26 08:27:00.633066,daabdea7ee7556c1c1ba32e7
0351hun.com,AVAILABILITY,origin.list,origin.list,2023-06-26 08:27:01.660567,daabdea7ee7556c1c1ba32e7
0335tc.com,AVAILABILITY,origin.list,origin.list,2023-06-26 08:27:01.714624,daabdea7ee7556c1c1ba32e7
035399991.com,AVAILABILITY,origin.list,origin.list,2023-06-26 08:27:01.726788,daabdea7ee7556c1c1ba32e7
034sds.xyz,AVAILABILITY,origin.list,origin.list,2023-06-26 08:27:01.979248,daabdea7ee7556c1c1ba32e7
033sds.xyz,AVAILABILITY,origin.list,origin.list,2023-06-26 08:27:02.517242,daabdea7ee7556c1c1ba32e7
0372rl.com,AVAILABILITY,origin.list,origin.list,2023-06-26 08:27:05.930522,daabdea7ee7556c1c1ba32e7
036sds.xyz,AVAILABILITY,origin.list,origin.list,2023-06-26 08:27:06.117300,daabdea7ee7556c1c1ba32e7
035sds.xyz,AVAILABILITY,origin.list,origin.list,2023-06-26 08:27:07.099237,daabdea7ee7556c1c1ba32e7
0356jd.com,AVAILABILITY,origin.list,origin.list,2023-06-26 08:27:07.426696,daabdea7ee7556c1c1ba32e7
035415.com,AVAILABILITY,origin.list,origin.list,2023-06-26 08:27:07.623831,daabdea7ee7556c1c1ba32e7
037sds.xyz,AVAILABILITY,origin.list,origin.list,2023-06-26 08:27:11.699457,daabdea7ee7556c1c1ba32e7
038922.com,AVAILABILITY,origin.list,origin.list,2023-06-26 08:27:12.335167,daabdea7ee7556c1c1ba32e7
037g.com,AVAILABILITY,origin.list,origin.list,2023-06-26 08:27:13.452837,daabdea7ee7556c1c1ba32e7
038sds.com,AVAILABILITY,origin.list,origin.list,2023-06-26 08:27:13.751818,daabdea7ee7556c1c1ba32e7
038sds.xyz,AVAILABILITY,origin.list,origin.list,2023-06-26 08:27:14.481340,daabdea7ee7556c1c1ba32e7
037hd.com,AVAILABILITY,origin.list,origin.list,2023-06-26 08:27:14.837516,daabdea7ee7556c1c1ba32e7
039776196.com,AVAILABILITY,origin.list,origin.list,2023-06-26 08:27:15.871506,daabdea7ee7556c1c1ba32e7
038722.com,AVAILABILITY,origin.list,origin.list,2023-06-26 08:27:16.822049,daabdea7ee7556c1c1ba32e7
039sds.xyz,AVAILABILITY,origin.list,origin.list,2023-06-26 08:27:17.378864,daabdea7ee7556c1c1ba32e7
0392zx.com,AVAILABILITY,origin.list,origin.list,2023-06-26 08:27:17.558227,daabdea7ee7556c1c1ba32e7
03abb.com,AVAILABILITY,origin.list,origin.list,2023-06-26 08:27:18.304226,daabdea7ee7556c1c1ba32e7
03988.vip,AVAILABILITY,origin.list,origin.list,2023-06-26 08:27:18.620430,daabdea7ee7556c1c1ba32e7
03add.com,AVAILABILITY,origin.list,origin.list,2023-06-26 08:27:21.211342,daabdea7ee7556c1c1ba32e7
03att.com,AVAILABILITY,origin.list,origin.list,2023-06-26 08:27:21.999182,daabdea7ee7556c1c1ba32e7
03agg.com,AVAILABILITY,origin.list,origin.list,2023-06-26 08:27:23.252894,daabdea7ee7556c1c1ba32e7
03axx.com,AVAILABILITY,origin.list,origin.list,2023-06-26 08:27:23.304761,daabdea7ee7556c1c1ba32e7
03aee.com,AVAILABILITY,origin.list,origin.list,2023-06-26 08:27:25.178495,daabdea7ee7556c1c1ba32e7
03bxbx.com,AVAILABILITY,origin.list,origin.list,2023-06-26 08:27:27.571509,daabdea7ee7556c1c1ba32e7
03caiji.com,AVAILABILITY,origin.list,origin.list,2023-06-26 08:27:27.804501,daabdea7ee7556c1c1ba32e7
03ddtv.com,AVAILABILITY,origin.list,origin.list,2023-06-26 08:27:29.092322,daabdea7ee7556c1c1ba32e7
03azz.com,AVAILABILITY,origin.list,origin.list,2023-06-26 08:27:29.503223,daabdea7ee7556c1c1ba32e7
03ddx.com,AVAILABILITY,origin.list,origin.list,2023-06-26 08:27:30.361000,daabdea7ee7556c1c1ba32e7
03dee.com,AVAILABILITY,origin.list,origin.list,2023-06-26 08:27:31.058154,daabdea7ee7556c1c1ba32e7
03qxqx.com,AVAILABILITY,origin.list,origin.list,2023-06-26 08:27:32.174198,daabdea7ee7556c1c1ba32e7
03porno.com,AVAILABILITY,origin.list,origin.list,2023-06-26 08:27:32.976713,daabdea7ee7556c1c1ba32e7
03spp.com,AVAILABILITY,origin.list,origin.list,2023-06-26 08:27:33.218380,daabdea7ee7556c1c1ba32e7
03sds.com,AVAILABILITY,origin.list,origin.list,2023-06-26 08:27:34.280315,daabdea7ee7556c1c1ba32e7
03jgc.com,AVAILABILITY,origin.list,origin.list,2023-06-26 08:27:36.297212,daabdea7ee7556c1c1ba32e7
040wn.xyz,AVAILABILITY,origin.list,origin.list,2023-06-26 08:27:37.263468,daabdea7ee7556c1c1ba32e7
040480.com,AVAILABILITY,origin.list,origin.list,2023-06-26 08:27:38.348936,daabdea7ee7556c1c1ba32e7
0411ff.com,AVAILABILITY,origin.list,origin.list,2023-06-26 08:27:38.524533,daabdea7ee7556c1c1ba32e7
03zgg.com,AVAILABILITY,origin.list,origin.list,2023-06-26 08:27:39.606127,daabdea7ee7556c1c1ba32e7
03xjj.com,AVAILABILITY,origin.list,origin.list,2023-06-26 08:27:40.668636,daabdea7ee7556c1c1ba32e7
0411jcy.com,AVAILABILITY,origin.list,origin.list,2023-06-26 08:27:42.043735,daabdea7ee7556c1c1ba32e7
042sds.com,AVAILABILITY,origin.list,origin.list,2023-06-26 08:27:43.578269,daabdea7ee7556c1c1ba32e7
0411ys.com,AVAILABILITY,origin.list,origin.list,2023-06-26 08:27:43.719259,daabdea7ee7556c1c1ba32e7
0411accp.net,AVAILABILITY,origin.list,origin.list,2023-06-26 08:27:45.248940,daabdea7ee7556c1c1ba32e7
041sds.com,AVAILABILITY,origin.list,origin.list,2023-06-26 08:27:48.020028,daabdea7ee7556c1c1ba32e7
043198.com,AVAILABILITY,origin.list,origin.list,2023-06-26 08:27:50.565418,daabdea7ee7556c1c1ba32e7
0411xiaoqu.com,AVAILABILITY,origin.list,origin.list,2023-06-26 08:27:51.153704,daabdea7ee7556c1c1ba32e7
043sds.com,AVAILABILITY,origin.list,origin.list,2023-06-26 08:27:53.947643,daabdea7ee7556c1c1ba32e7
04314.wang,AVAILABILITY,origin.list,origin.list,2023-06-26 08:27:55.281585,daabdea7ee7556c1c1ba32e7
044sds.com,AVAILABILITY,origin.list,origin.list,2023-06-26 08:27:56.006140,daabdea7ee7556c1c1ba32e7
0432led.com,AVAILABILITY,origin.list,origin.list,2023-06-26 08:27:58.870084,daabdea7ee7556c1c1ba32e7
0432123.com,AVAILABILITY,origin.list,origin.list,2023-06-26 08:27:58.890329,daabdea7ee7556c1c1ba32e7
0452-114.com,AVAILABILITY,origin.list,origin.list,2023-06-26 08:27:59.151110,daabdea7ee7556c1c1ba32e7
045075.com,AVAILABILITY,origin.list,origin.list,2023-06-26 08:27:59.936415,daabdea7ee7556c1c1ba32e7
0451ww.com,AVAILABILITY,origin.list,origin.list,2023-06-26 08:28:07.241242,daabdea7ee7556c1c1ba32e7
0451hhjc.com,AVAILABILITY,origin.list,origin.list,2023-06-26 08:28:07.421287,daabdea7ee7556c1c1ba32e7
0451xf.com,AVAILABILITY,origin.list,origin.list,2023-06-26 08:28:09.177411,daabdea7ee7556c1c1ba32e7
045415.com,AVAILABILITY,origin.list,origin.list,2023-06-26 08:28:10.715975,daabdea7ee7556c1c1ba32e7
0455top.com,AVAILABILITY,origin.list,origin.list,2023-06-26 08:28:17.007161,daabdea7ee7556c1c1ba32e7
04803.wang,AVAILABILITY,origin.list,origin.list,2023-06-26 08:28:18.501754,daabdea7ee7556c1c1ba32e7
04647.xyz,AVAILABILITY,origin.list,origin.list,2023-06-26 08:28:20.144794,daabdea7ee7556c1c1ba32e7
046sds.com,AVAILABILITY,origin.list,origin.list,2023-06-26 08:28:24.339977,daabdea7ee7556c1c1ba32e7
048sds.com,AVAILABILITY,origin.list,origin.list,2023-06-26 08:28:25.264558,daabdea7ee7556c1c1ba32e7
0470110.com,AVAILABILITY,origin.list,origin.list,2023-06-26 08:28:27.102367,daabdea7ee7556c1c1ba32e7
047sds.com,AVAILABILITY,origin.list,origin.list,2023-06-26 08:28:27.822734,daabdea7ee7556c1c1ba32e7
049sds.com,AVAILABILITY,origin.list,origin.list,2023-06-26 08:28:28.891426,daabdea7ee7556c1c1ba32e7
04abb.com,AVAILABILITY,origin.list,origin.list,2023-06-26 08:28:29.809744,daabdea7ee7556c1c1ba32e7
04agg.com,AVAILABILITY,origin.list,origin.list,2023-06-26 08:28:32.932506,daabdea7ee7556c1c1ba32e7
04add.com,AVAILABILITY,origin.list,origin.list,2023-06-26 08:28:35.351519,daabdea7ee7556c1c1ba32e7
04axx.com,AVAILABILITY,origin.list,origin.list,2023-06-26 08:28:35.361414,daabdea7ee7556c1c1ba32e7
04att.com,AVAILABILITY,origin.list,origin.list,2023-06-26 08:28:38.858839,daabdea7ee7556c1c1ba32e7
04ddtv.com,AVAILABILITY,origin.list,origin.list,2023-06-26 08:28:38.902867,daabdea7ee7556c1c1ba32e7
04azz.com,AVAILABILITY,origin.list,origin.list,2023-06-26 08:28:39.845618,daabdea7ee7556c1c1ba32e7
04caiji.com,AVAILABILITY,origin.list,origin.list,2023-06-26 08:28:44.689791,daabdea7ee7556c1c1ba32e7
04sds.com,AVAILABILITY,origin.list,origin.list,2023-06-26 08:28:48.631633,daabdea7ee7556c1c1ba32e7
04dede.com,AVAILABILITY,origin.list,origin.list,2023-06-26 08:28:50.452853,daabdea7ee7556c1c1ba32e7
04sdsd.com,AVAILABILITY,origin.list,origin.list,2023-06-26 08:28:51.305492,daabdea7ee7556c1c1ba32e7
04aee.com,AVAILABILITY,origin.list,origin.list,2023-06-26 08:28:54.056051,daabdea7ee7556c1c1ba32e7
04ddx.com,AVAILABILITY,origin.list,origin.list,2023-06-26 08:28:54.818374,daabdea7ee7556c1c1ba32e7
04xjj.com,AVAILABILITY,origin.list,origin.list,2023-06-26 08:28:55.297407,daabdea7ee7556c1c1ba32e7
04zgg.com,AVAILABILITY,origin.list,origin.list,2023-06-26 08:28:57.481246,daabdea7ee7556c1c1ba32e7
04dee.com,AVAILABILITY,origin.list,origin.list,2023-06-26 08:28:59.634315,daabdea7ee7556c1c1ba32e7
05016.wang,AVAILABILITY,origin.list,origin.list,2023-06-26 08:29:01.813758,daabdea7ee7556c1c1ba32e7
04spp.com,AVAILABILITY,origin.list,origin.list,2023-06-26 08:29:03.179462,daabdea7ee7556c1c1ba32e7
050582.com,AVAILABILITY,origin.list,origin.list,2023-06-26 08:29:05.536723,daabdea7ee7556c1c1ba32e7
0510jg.com,AVAILABILITY,origin.list,origin.list,2023-06-26 08:29:08.259547,daabdea7ee7556c1c1ba32e7
051127.com,AVAILABILITY,origin.list,origin.list,2023-06-26 08:29:08.481193,daabdea7ee7556c1c1ba32e7
0511market.com,AVAILABILITY,origin.list,origin.list,2023-06-26 08:29:13.989488,daabdea7ee7556c1c1ba32e7
0512ylw.com,AVAILABILITY,origin.list,origin.list,2023-06-26 08:29:16.290680,daabdea7ee7556c1c1ba32e7
050sds.com,AVAILABILITY,origin.list,origin.list,2023-06-26 08:29:17.086253,daabdea7ee7556c1c1ba32e7
0512svw.com,AVAILABILITY,origin.list,origin.list,2023-06-26 08:29:17.261116,daabdea7ee7556c1c1ba32e7
0516blp.com,AVAILABILITY,origin.list,origin.list,2023-06-26 08:29:20.639407,daabdea7ee7556c1c1ba32e7
0512tuozhan.com,AVAILABILITY,origin.list,origin.list,2023-06-26 08:29:21.706782,daabdea7ee7556c1c1ba32e7
0515120.com,AVAILABILITY,origin.list,origin.list,2023-06-26 08:29:23.474316,daabdea7ee7556c1c1ba32e7
05167.wang,AVAILABILITY,origin.list,origin.list,2023-06-26 08:29:24.494374,daabdea7ee7556c1c1ba32e7
0516kyj.com,AVAILABILITY,origin.list,origin.list,2023-06-26 08:29:26.618365,daabdea7ee7556c1c1ba32e7
0517tg.com,AVAILABILITY,origin.list,origin.list,2023-06-26 08:29:27.214492,daabdea7ee7556c1c1ba32e7
0517118.com,AVAILABILITY,origin.list,origin.list,2023-06-26 08:29:27.877984,daabdea7ee7556c1c1ba32e7
0518ad.com,AVAILABILITY,origin.list,origin.list,2023-06-26 08:29:29.552818,daabdea7ee7556c1c1ba32e7
0518xd.com,AVAILABILITY,origin.list,origin.list,2023-06-26 08:29:30.368341,daabdea7ee7556c1c1ba32e7
051855.com,AVAILABILITY,origin.list,origin.list,2023-06-26 08:29:34.940052,daabdea7ee7556c1c1ba32e7
0518cg.com,AVAILABILITY,origin.list,origin.list,2023-06-26 08:29:35.990618,daabdea7ee7556c1c1ba32e7
0520zx.com,AVAILABILITY,origin.list,origin.list,2023-06-26 08:29:36.772315,daabdea7ee7556c1c1ba32e7
0521mengyake.com,AVAILABILITY,origin.list,origin.list,2023-06-26 08:29:38.526358,daabdea7ee7556c1c1ba32e7
0523yd.com,AVAILABILITY,origin.list,origin.list,2023-06-26 08:29:39.886152,daabdea7ee7556c1c1ba32e7
0530tongxin.com,AVAILABILITY,origin.list,origin.list,2023-06-26 08:29:42.093697,daabdea7ee7556c1c1ba32e7
0531af.com,AVAILABILITY,origin.list,origin.list,2023-06-26 08:29:45.186256,daabdea7ee7556c1c1ba32e7
05236.vip,AVAILABILITY,origin.list,origin.list,2023-06-26 08:29:46.015728,daabdea7ee7556c1c1ba32e7
0531ygg.com,AVAILABILITY,origin.list,origin.list,2023-06-26 08:29:49.493101,daabdea7ee7556c1c1ba32e7
0532cz.com,AVAILABILITY,origin.list,origin.list,2023-06-26 08:29:50.472691,daabdea7ee7556c1c1ba32e7
0531caiwu.com,AVAILABILITY,origin.list,origin.list,2023-06-26 08:29:51.403009,daabdea7ee7556c1c1ba32e7
0531jnzx.com,AVAILABILITY,origin.list,origin.list,2023-06-26 08:29:53.257980,daabdea7ee7556c1c1ba32e7
052940.com,AVAILABILITY,origin.list,origin.list,2023-06-26 08:29:55.120678,daabdea7ee7556c1c1ba32e7
0533cm.com,AVAILABILITY,origin.list,origin.list,2023-06-26 08:29:56.302969,daabdea7ee7556c1c1ba32e7
0536life.com,AVAILABILITY,origin.list,origin.list,2023-06-26 08:29:57.409064,daabdea7ee7556c1c1ba32e7
0533seo.com,AVAILABILITY,origin.list,origin.list,2023-06-26 08:29:58.008435,daabdea7ee7556c1c1ba32e7
0535cy.com,AVAILABILITY,origin.list,origin.list,2023-06-26 08:29:59.522250,daabdea7ee7556c1c1ba32e7
0536sgcq.com,AVAILABILITY,origin.list,origin.list,2023-06-26 08:30:00.987598,daabdea7ee7556c1c1ba32e7
0538com.com,AVAILABILITY,origin.list,origin.list,2023-06-26 08:30:04.320909,daabdea7ee7556c1c1ba32e7
0536sg.com,AVAILABILITY,origin.list,origin.list,2023-06-26 08:30:06.962300,daabdea7ee7556c1c1ba32e7
0537dy.com,AVAILABILITY,origin.list,origin.list,2023-06-26 08:30:12.884735,daabdea7ee7556c1c1ba32e7
0539zaoxie.com,AVAILABILITY,origin.list,origin.list,2023-06-26 08:30:15.120962,daabdea7ee7556c1c1ba32e7
0543baidu.com,AVAILABILITY,origin.list,origin.list,2023-06-26 08:30:15.614938,daabdea7ee7556c1c1ba32e7
0539yz.com,AVAILABILITY,origin.list,origin.list,2023-06-26 08:30:17.363595,daabdea7ee7556c1c1ba32e7
0546hunqing.com,AVAILABILITY,origin.list,origin.list,2023-06-26 08:30:22.133784,daabdea7ee7556c1c1ba32e7
053sds.xyz,AVAILABILITY,origin.list,origin.list,2023-06-26 08:30:22.133704,daabdea7ee7556c1c1ba32e7
0551hb.com,AVAILABILITY,origin.list,origin.list,2023-06-26 08:30:29.103074,daabdea7ee7556c1c1ba32e7
054sds.xyz,AVAILABILITY,origin.list,origin.list,2023-06-26 08:30:30.954837,daabdea7ee7556c1c1ba32e7
0546shop.com,AVAILABILITY,origin.list,origin.list,2023-06-26 08:30:32.488138,daabdea7ee7556c1c1ba32e7
0554nk.com,AVAILABILITY,origin.list,origin.list,2023-06-26 08:30:32.781839,daabdea7ee7556c1c1ba32e7
0551caihe.com,AVAILABILITY,origin.list,origin.list,2023-06-26 08:30:33.456913,daabdea7ee7556c1c1ba32e7
0559c.com,AVAILABILITY,origin.list,origin.list,2023-06-26 08:30:36.464638,daabdea7ee7556c1c1ba32e7
0556hn.com,AVAILABILITY,origin.list,origin.list,2023-06-26 08:30:37.822293,daabdea7ee7556c1c1ba32e7
0559zhu.com,AVAILABILITY,origin.list,origin.list,2023-06-26 08:30:40.028462,daabdea7ee7556c1c1ba32e7
0551gsls.com,AVAILABILITY,origin.list,origin.list,2023-06-26 08:30:40.079615,daabdea7ee7556c1c1ba32e7
05555.mom,AVAILABILITY,origin.list,origin.list,2023-06-26 08:30:42.161232,daabdea7ee7556c1c1ba32e7
0559bbs.com,AVAILABILITY,origin.list,origin.list,2023-06-26 08:30:45.462016,daabdea7ee7556c1c1ba32e7
055sds.xyz,AVAILABILITY,origin.list,origin.list,2023-06-26 08:30:46.563443,daabdea7ee7556c1c1ba32e7
0570jj.com,AVAILABILITY,origin.list,origin.list,2023-06-26 08:30:49.879796,daabdea7ee7556c1c1ba32e7
056026.com,AVAILABILITY,origin.list,origin.list,2023-06-26 08:30:50.897789,daabdea7ee7556c1c1ba32e7
0570wyjh.com,AVAILABILITY,origin.list,origin.list,2023-06-26 08:30:53.766167,daabdea7ee7556c1c1ba32e7
0571han.com,AVAILABILITY,origin.list,origin.list,2023-06-26 08:30:55.032234,daabdea7ee7556c1c1ba32e7
0571cnc.net,AVAILABILITY,origin.list,origin.list,2023-06-26 08:30:55.097583,daabdea7ee7556c1c1ba32e7
0571piao.com,AVAILABILITY,origin.list,origin.list,2023-06-26 08:31:02.770943,daabdea7ee7556c1c1ba32e7
0573tx.com,AVAILABILITY,origin.list,origin.list,2023-06-26 08:31:04.276519,daabdea7ee7556c1c1ba32e7
0572df.com,AVAILABILITY,origin.list,origin.list,2023-06-26 08:31:08.262447,daabdea7ee7556c1c1ba32e7
0573ok.com,AVAILABILITY,origin.list,origin.list,2023-06-26 08:31:08.371287,daabdea7ee7556c1c1ba32e7
0573sp.com,AVAILABILITY,origin.list,origin.list,2023-06-26 08:31:10.698346,daabdea7ee7556c1c1ba32e7
0578ok.com,AVAILABILITY,origin.list,origin.list,2023-06-26 08:31:15.725419,daabdea7ee7556c1c1ba32e7
0576ok.com,AVAILABILITY,origin.list,origin.list,2023-06-26 08:31:21.471025,daabdea7ee7556c1c1ba32e7
0577fyw.com,AVAILABILITY,origin.list,origin.list,2023-06-26 08:31:21.836276,daabdea7ee7556c1c1ba32e7
0577gouwu.com,AVAILABILITY,origin.list,origin.list,2023-06-26 08:31:27.107882,daabdea7ee7556c1c1ba32e7
058sds.xyz,AVAILABILITY,origin.list,origin.list,2023-06-26 08:31:31.477092,daabdea7ee7556c1c1ba32e7
057sds.xyz,AVAILABILITY,origin.list,origin.list,2023-06-26 08:31:33.481321,daabdea7ee7556c1c1ba32e7
0592hotel.com,AVAILABILITY,origin.list,origin.list,2023-06-26 08:31:35.542288,daabdea7ee7556c1c1ba32e7
0576jl.com,AVAILABILITY,origin.list,origin.list,2023-06-26 08:31:37.231750,daabdea7ee7556c1c1ba32e7
0591kx.com,AVAILABILITY,origin.list,origin.list,2023-06-26 08:31:38.150118,daabdea7ee7556c1c1ba32e7
0591tc.net,AVAILABILITY,origin.list,origin.list,2023-06-26 08:31:38.895702,daabdea7ee7556c1c1ba32e7
05941111.com,AVAILABILITY,origin.list,origin.list,2023-06-26 08:31:41.617476,daabdea7ee7556c1c1ba32e7
0591xfw.com,AVAILABILITY,origin.list,origin.list,2023-06-26 08:31:42.496868,daabdea7ee7556c1c1ba32e7
0592tattoo.com,AVAILABILITY,origin.list,origin.list,2023-06-26 08:31:49.055767,daabdea7ee7556c1c1ba32e7
05951069.com,AVAILABILITY,origin.list,origin.list,2023-06-26 08:31:49.288931,daabdea7ee7556c1c1ba32e7
0592zc.com,AVAILABILITY,origin.list,origin.list,2023-06-26 08:31:49.986318,daabdea7ee7556c1c1ba32e7
0597pt.com,AVAILABILITY,origin.list,origin.list,2023-06-26 08:31:50.268460,daabdea7ee7556c1c1ba32e7
0594jqw.com,AVAILABILITY,origin.list,origin.list,2023-06-26 08:31:51.969455,daabdea7ee7556c1c1ba32e7
059tzw.com,AVAILABILITY,origin.list,origin.list,2023-06-26 08:32:00.919425,daabdea7ee7556c1c1ba32e7
059mintuan.com,AVAILABILITY,origin.list,origin.list,2023-06-26 08:32:04.383554,daabdea7ee7556c1c1ba32e7
05add.com,AVAILABILITY,origin.list,origin.list,2023-06-26 08:32:07.744091,daabdea7ee7556c1c1ba32e7
05aee.com,AVAILABILITY,origin.list,origin.list,2023-06-26 08:32:07.825480,daabdea7ee7556c1c1ba32e7
05agg.com,AVAILABILITY,origin.list,origin.list,2023-06-26 08:32:09.300373,daabdea7ee7556c1c1ba32e7
05aqq.com,AVAILABILITY,origin.list,origin.list,2023-06-26 08:32:17.716050,daabdea7ee7556c1c1ba32e7
05bxbx.com,AVAILABILITY,origin.list,origin.list,2023-06-26 08:32:22.617745,daabdea7ee7556c1c1ba32e7
05azz.com,AVAILABILITY,origin.list,origin.list,2023-06-26 08:32:29.686338,daabdea7ee7556c1c1ba32e7
05att.com,AVAILABILITY,origin.list,origin.list,2023-06-26 08:32:30.550288,daabdea7ee7556c1c1ba32e7
05ddtv.com,AVAILABILITY,origin.list,origin.list,2023-06-26 08:32:33.112276,daabdea7ee7556c1c1ba32e7
05dede.com,AVAILABILITY,origin.list,origin.list,2023-06-26 08:32:42.289470,daabdea7ee7556c1c1ba32e7
05ddx.com,AVAILABILITY,origin.list,origin.list,2023-06-26 08:32:43.309466,daabdea7ee7556c1c1ba32e7
05dee.com,AVAILABILITY,origin.list,origin.list,2023-06-26 08:32:45.419167,daabdea7ee7556c1c1ba32e7
05axx.com,AVAILABILITY,origin.list,origin.list,2023-06-26 08:32:45.607651,daabdea7ee7556c1c1ba32e7
05t2s.com,AVAILABILITY,origin.list,origin.list,2023-06-26 08:32:47.726279,daabdea7ee7556c1c1ba32e7
05sds.com,AVAILABILITY,origin.list,origin.list,2023-06-26 08:32:49.668126,daabdea7ee7556c1c1ba32e7
05zgg.com,AVAILABILITY,origin.list,origin.list,2023-06-26 08:32:53.067756,daabdea7ee7556c1c1ba32e7
05zp.com,AVAILABILITY,origin.list,origin.list,2023-06-26 08:32:55.711692,daabdea7ee7556c1c1ba32e7
05xjj.com,AVAILABILITY,origin.list,origin.list,2023-06-26 08:33:00.164777,daabdea7ee7556c1c1ba32e7
061500.com,AVAILABILITY,origin.list,origin.list,2023-06-26 08:33:04.419558,daabdea7ee7556c1c1ba32e7
060sds.com,AVAILABILITY,origin.list,origin.list,2023-06-26 08:33:08.185736,daabdea7ee7556c1c1ba32e7
061sds.xyz,AVAILABILITY,origin.list,origin.list,2023-06-26 08:33:22.009091,daabdea7ee7556c1c1ba32e7
062sds.xyz,AVAILABILITY,origin.list,origin.list,2023-06-26 08:33:22.541796,daabdea7ee7556c1c1ba32e7
0633gb.com,AVAILABILITY,origin.list,origin.list,2023-06-26 08:33:22.663748,daabdea7ee7556c1c1ba32e7
0631dq.com,AVAILABILITY,origin.list,origin.list,2023-06-26 08:33:25.265831,daabdea7ee7556c1c1ba32e7
063521.com,AVAILABILITY,origin.list,origin.list,2023-06-26 08:33:28.772754,daabdea7ee7556c1c1ba32e7
063oo.com,AVAILABILITY,origin.list,origin.list,2023-06-26 08:33:30.743406,daabdea7ee7556c1c1ba32e7
064sds.com,AVAILABILITY,origin.list,origin.list,2023-06-26 08:33:36.597453,daabdea7ee7556c1c1ba32e7
063sds.xyz,AVAILABILITY,origin.list,origin.list,2023-06-26 08:33:37.343314,daabdea7ee7556c1c1ba32e7
064sds.xyz,AVAILABILITY,origin.list,origin.list,2023-06-26 08:33:40.747668,daabdea7ee7556c1c1ba32e7
065415.com,AVAILABILITY,origin.list,origin.list,2023-06-26 08:33:41.085719,daabdea7ee7556c1c1ba32e7
0654444.com,AVAILABILITY,origin.list,origin.list,2023-06-26 08:33:48.893384,daabdea7ee7556c1c1ba32e7
0662buy.com,AVAILABILITY,origin.list,origin.list,2023-06-26 08:33:50.281018,daabdea7ee7556c1c1ba32e7
065sds.xyz,AVAILABILITY,origin.list,origin.list,2023-06-26 08:33:50.567533,daabdea7ee7556c1c1ba32e7
06556.vip,AVAILABILITY,origin.list,origin.list,2023-06-26 08:33:53.067035,daabdea7ee7556c1c1ba32e7
0668yl.com,AVAILABILITY,origin.list,origin.list,2023-06-26 08:33:54.563695,daabdea7ee7556c1c1ba32e7
0662a.com,AVAILABILITY,origin.list,origin.list,2023-06-26 08:33:54.928935,daabdea7ee7556c1c1ba32e7
0668ht.cn,AVAILABILITY,origin.list,origin.list,2023-06-26 08:33:57.595174,daabdea7ee7556c1c1ba32e7
066sds.xyz,AVAILABILITY,origin.list,origin.list,2023-06-26 08:33:59.867598,daabdea7ee7556c1c1ba32e7
067sds.xyz,AVAILABILITY,origin.list,origin.list,2023-06-26 08:34:00.839870,daabdea7ee7556c1c1ba32e7
068sds.xyz,AVAILABILITY,origin.list,origin.list,2023-06-26 08:34:02.013220,daabdea7ee7556c1c1ba32e7
067ka.com,AVAILABILITY,origin.list,origin.list,2023-06-26 08:34:03.032853,daabdea7ee7556c1c1ba32e7
066895.com,AVAILABILITY,origin.list,origin.list,2023-06-26 08:34:03.574862,daabdea7ee7556c1c1ba32e7
069321.com,AVAILABILITY,origin.list,origin.list,2023-06-26 08:34:08.982033,daabdea7ee7556c1c1ba32e7
069sds.xyz,AVAILABILITY,origin.list,origin.list,2023-06-26 08:34:16.062329,daabdea7ee7556c1c1ba32e7
06abb.com,AVAILABILITY,origin.list,origin.list,2023-06-26 08:34:16.131369,daabdea7ee7556c1c1ba32e7
06add.com,AVAILABILITY,origin.list,origin.list,2023-06-26 08:34:17.029148,daabdea7ee7556c1c1ba32e7
069600.com,AVAILABILITY,origin.list,origin.list,2023-06-26 08:34:20.618857,daabdea7ee7556c1c1ba32e7
06aee.com,AVAILABILITY,origin.list,origin.list,2023-06-26 08:34:24.790368,daabdea7ee7556c1c1ba32e7
06agg.com,AVAILABILITY,origin.list,origin.list,2023-06-26 08:34:32.814227,daabdea7ee7556c1c1ba32e7
06azz.com,AVAILABILITY,origin.list,origin.list,2023-06-26 08:34:34.588458,daabdea7ee7556c1c1ba32e7
06att.com,AVAILABILITY,origin.list,origin.list,2023-06-26 08:34:36.025328,daabdea7ee7556c1c1ba32e7
06bxbx.com,AVAILABILITY,origin.list,origin.list,2023-06-26 08:34:41.905431,daabdea7ee7556c1c1ba32e7
06axx.com,AVAILABILITY,origin.list,origin.list,2023-06-26 08:34:42.405668,daabdea7ee7556c1c1ba32e7
06ddx.com,AVAILABILITY,origin.list,origin.list,2023-06-26 08:34:47.415431,daabdea7ee7556c1c1ba32e7
06jgc.com,AVAILABILITY,origin.list,origin.list,2023-06-26 08:34:48.201153,daabdea7ee7556c1c1ba32e7
06dede.com,AVAILABILITY,origin.list,origin.list,2023-06-26 08:34:49.601253,daabdea7ee7556c1c1ba32e7
06ddtv.com,AVAILABILITY,origin.list,origin.list,2023-06-26 08:34:50.416278,daabdea7ee7556c1c1ba32e7
06spp.com,AVAILABILITY,origin.list,origin.list,2023-06-26 08:34:54.091714,daabdea7ee7556c1c1ba32e7
06sdsd.com,AVAILABILITY,origin.list,origin.list,2023-06-26 08:34:55.984407,daabdea7ee7556c1c1ba32e7
06sds.com,AVAILABILITY,origin.list,origin.list,2023-06-26 08:34:58.810876,daabdea7ee7556c1c1ba32e7
06dee.com,AVAILABILITY,origin.list,origin.list,2023-06-26 08:35:00.706940,daabdea7ee7556c1c1ba32e7
06sgc.com,AVAILABILITY,origin.list,origin.list,2023-06-26 08:35:03.870783,daabdea7ee7556c1c1ba32e7
06xjj.com,AVAILABILITY,origin.list,origin.list,2023-06-26 08:35:05.105613,daabdea7ee7556c1c1ba32e7
06zgg.com,AVAILABILITY,origin.list,origin.list,2023-06-26 08:35:10.057916,daabdea7ee7556c1c1ba32e7
070sds.xyz,AVAILABILITY,origin.list,origin.list,2023-06-26 08:35:13.485239,daabdea7ee7556c1c1ba32e7
0710mg.com,AVAILABILITY,origin.list,origin.list,2023-06-26 08:35:13.754221,daabdea7ee7556c1c1ba32e7
0701zs.com,AVAILABILITY,origin.list,origin.list,2023-06-26 08:35:17.562306,daabdea7ee7556c1c1ba32e7
0712zs.com,AVAILABILITY,origin.list,origin.list,2023-06-26 08:35:19.329190,daabdea7ee7556c1c1ba32e7
071178.com,AVAILABILITY,origin.list,origin.list,2023-06-26 08:35:24.503458,daabdea7ee7556c1c1ba32e7
072sds.xyz,AVAILABILITY,origin.list,origin.list,2023-06-26 08:35:28.874889,daabdea7ee7556c1c1ba32e7
0722fz.com,AVAILABILITY,origin.list,origin.list,2023-06-26 08:35:29.028583,daabdea7ee7556c1c1ba32e7
0731le.com,AVAILABILITY,origin.list,origin.list,2023-06-26 08:35:33.244582,daabdea7ee7556c1c1ba32e7
071sds.xyz,AVAILABILITY,origin.list,origin.list,2023-06-26 08:35:34.198405,daabdea7ee7556c1c1ba32e7
0719pk.com,AVAILABILITY,origin.list,origin.list,2023-06-26 08:35:36.477849,daabdea7ee7556c1c1ba32e7
0730jyhk.com,AVAILABILITY,origin.list,origin.list,2023-06-26 08:35:39.776964,daabdea7ee7556c1c1ba32e7
0731nkyy.com,AVAILABILITY,origin.list,origin.list,2023-06-26 08:35:45.331025,daabdea7ee7556c1c1ba32e7
073673.com,AVAILABILITY,origin.list,origin.list,2023-06-26 08:35:46.185525,daabdea7ee7556c1c1ba32e7
0734w.net,AVAILABILITY,origin.list,origin.list,2023-06-26 08:35:46.199403,daabdea7ee7556c1c1ba32e7
0735kanger.com,AVAILABILITY,origin.list,origin.list,2023-06-26 08:35:47.383758,daabdea7ee7556c1c1ba32e7
0738fcw.com,AVAILABILITY,origin.list,origin.list,2023-06-26 08:35:50.147993,daabdea7ee7556c1c1ba32e7
0738jk.com,AVAILABILITY,origin.list,origin.list,2023-06-26 08:35:51.585020,daabdea7ee7556c1c1ba32e7
07422.wang,AVAILABILITY,origin.list,origin.list,2023-06-26 08:35:54.945593,daabdea7ee7556c1c1ba32e7
0738jj.com,AVAILABILITY,origin.list,origin.list,2023-06-26 08:36:05.581399,daabdea7ee7556c1c1ba32e7
0745am.com,AVAILABILITY,origin.list,origin.list,2023-06-26 08:36:09.517482,daabdea7ee7556c1c1ba32e7
073sds.xyz,AVAILABILITY,origin.list,origin.list,2023-06-26 08:36:10.776884,daabdea7ee7556c1c1ba32e7
0746ttc.com,AVAILABILITY,origin.list,origin.list,2023-06-26 08:36:12.415752,daabdea7ee7556c1c1ba32e7
075074.com,AVAILABILITY,origin.list,origin.list,2023-06-26 08:36:20.428259,daabdea7ee7556c1c1ba32e7
0752tl.com,AVAILABILITY,origin.list,origin.list,2023-06-26 08:36:21.383945,daabdea7ee7556c1c1ba32e7
0746xmt.com,AVAILABILITY,origin.list,origin.list,2023-06-26 08:36:23.721265,daabdea7ee7556c1c1ba32e7
0750jiaxin.com,AVAILABILITY,origin.list,origin.list,2023-06-26 08:36:25.648566,daabdea7ee7556c1c1ba32e7
074sds.xyz,AVAILABILITY,origin.list,origin.list,2023-06-26 08:36:27.648749,daabdea7ee7556c1c1ba32e7
0753web.com,AVAILABILITY,origin.list,origin.list,2023-06-26 08:36:30.096226,daabdea7ee7556c1c1ba32e7
0755ck.com,AVAILABILITY,origin.list,origin.list,2023-06-26 08:36:33.689085,daabdea7ee7556c1c1ba32e7
0755blue.com,AVAILABILITY,origin.list,origin.list,2023-06-26 08:36:36.337707,daabdea7ee7556c1c1ba32e7
0755hotels.com,AVAILABILITY,origin.list,origin.list,2023-06-26 08:36:37.003846,daabdea7ee7556c1c1ba32e7
0755gongguan.com,AVAILABILITY,origin.list,origin.list,2023-06-26 08:36:41.965116,daabdea7ee7556c1c1ba32e7
0756ds.com,AVAILABILITY,origin.list,origin.list,2023-06-26 08:36:44.829420,daabdea7ee7556c1c1ba32e7
0755mzj.com,AVAILABILITY,origin.list,origin.list,2023-06-26 08:36:45.512346,daabdea7ee7556c1c1ba32e7
0755xa.com,AVAILABILITY,origin.list,origin.list,2023-06-26 08:36:47.294231,daabdea7ee7556c1c1ba32e7
0755slt.com,AVAILABILITY,origin.list,origin.list,2023-06-26 08:36:51.135579,daabdea7ee7556c1c1ba32e7
0757jn.com,AVAILABILITY,origin.list,origin.list,2023-06-26 08:36:51.899074,daabdea7ee7556c1c1ba32e7
0758af.com,AVAILABILITY,origin.list,origin.list,2023-06-26 08:36:55.364635,daabdea7ee7556c1c1ba32e7
075sds.xyz,AVAILABILITY,origin.list,origin.list,2023-06-26 08:36:55.642281,daabdea7ee7556c1c1ba32e7
075911.com,AVAILABILITY,origin.list,origin.list,2023-06-26 08:36:56.797721,daabdea7ee7556c1c1ba32e7
0762jyqc.com,AVAILABILITY,origin.list,origin.list,2023-06-26 08:36:57.481004,daabdea7ee7556c1c1ba32e7
0762668.com,AVAILABILITY,origin.list,origin.list,2023-06-26 08:37:03.954243,daabdea7ee7556c1c1ba32e7
0769guggenheim.com,AVAILABILITY,origin.list,origin.list,2023-06-26 08:37:07.050715,daabdea7ee7556c1c1ba32e7
0763lc.com,AVAILABILITY,origin.list,origin.list,2023-06-26 08:37:09.083799,daabdea7ee7556c1c1ba32e7
0768dy.com,AVAILABILITY,origin.list,origin.list,2023-06-26 08:37:09.912246,daabdea7ee7556c1c1ba32e7
0762wed.com,AVAILABILITY,origin.list,origin.list,2023-06-26 08:37:17.567943,daabdea7ee7556c1c1ba32e7
0769hyyq.com,AVAILABILITY,origin.list,origin.list,2023-06-26 08:37:19.427775,daabdea7ee7556c1c1ba32e7
0769wlb.com,AVAILABILITY,origin.list,origin.list,2023-06-26 08:37:20.244703,daabdea7ee7556c1c1ba32e7
077520.com,AVAILABILITY,origin.list,origin.list,2023-06-26 08:37:24.073880,daabdea7ee7556c1c1ba32e7
0769shop.com,AVAILABILITY,origin.list,origin.list,2023-06-26 08:37:26.494970,daabdea7ee7556c1c1ba32e7
077mu.com,AVAILABILITY,origin.list,origin.list,2023-06-26 08:37:30.854295,daabdea7ee7556c1c1ba32e7
0775zc.com,AVAILABILITY,origin.list,origin.list,2023-06-26 08:37:33.997330,daabdea7ee7556c1c1ba32e7
076sds.xyz,AVAILABILITY,origin.list,origin.list,2023-06-26 08:37:39.728275,daabdea7ee7556c1c1ba32e7
078sds.xyz,AVAILABILITY,origin.list,origin.list,2023-06-26 08:37:43.903039,daabdea7ee7556c1c1ba32e7
0791jxw.com,AVAILABILITY,origin.list,origin.list,2023-06-26 08:37:44.870696,daabdea7ee7556c1c1ba32e7
077sds.xyz,AVAILABILITY,origin.list,origin.list,2023-06-26 08:37:47.858160,daabdea7ee7556c1c1ba32e7
0791dw.com,AVAILABILITY,origin.list,origin.list,2023-06-26 08:37:52.613119,daabdea7ee7556c1c1ba32e7
0791nk.com,AVAILABILITY,origin.list,origin.list,2023-06-26 08:37:54.625652,daabdea7ee7556c1c1ba32e7
0797dcw.com,AVAILABILITY,origin.list,origin.list,2023-06-26 08:37:57.265003,daabdea7ee7556c1c1ba32e7
0796114.net,AVAILABILITY,origin.list,origin.list,2023-06-26 08:38:00.648317,daabdea7ee7556c1c1ba32e7
079sds.xyz,AVAILABILITY,origin.list,origin.list,2023-06-26 08:38:07.644025,daabdea7ee7556c1c1ba32e7
079441.com,AVAILABILITY,origin.list,origin.list,2023-06-26 08:38:07.713514,daabdea7ee7556c1c1ba32e7
0797189.com,AVAILABILITY,origin.list,origin.list,2023-06-26 08:38:07.831197,daabdea7ee7556c1c1ba32e7
07abb.com,AVAILABILITY,origin.list,origin.list,2023-06-26 08:38:13.278037,daabdea7ee7556c1c1ba32e7
079987.com,AVAILABILITY,origin.list,origin.list,2023-06-26 08:38:21.034316,daabdea7ee7556c1c1ba32e7
07agg.com,AVAILABILITY,origin.list,origin.list,2023-06-26 08:38:24.823136,daabdea7ee7556c1c1ba32e7
07bxbx.com,AVAILABILITY,origin.list,origin.list,2023-06-26 08:38:28.705931,daabdea7ee7556c1c1ba32e7
07azz.com,AVAILABILITY,origin.list,origin.list,2023-06-26 08:38:29.768848,daabdea7ee7556c1c1ba32e7
07att.com,AVAILABILITY,origin.list,origin.list,2023-06-26 08:38:30.306748,daabdea7ee7556c1c1ba32e7
07i0d.com,AVAILABILITY,origin.list,origin.list,2023-06-26 08:38:39.801159,daabdea7ee7556c1c1ba32e7
07ddx.com,AVAILABILITY,origin.list,origin.list,2023-06-26 08:38:44.327127,daabdea7ee7556c1c1ba32e7
07ddtv.com,AVAILABILITY,origin.list,origin.list,2023-06-26 08:38:45.938353,daabdea7ee7556c1c1ba32e7
07axx.com,AVAILABILITY,origin.list,origin.list,2023-06-26 08:38:50.758965,daabdea7ee7556c1c1ba32e7
07dee.com,AVAILABILITY,origin.list,origin.list,2023-06-26 08:38:53.683652,daabdea7ee7556c1c1ba32e7
07sds.com,AVAILABILITY,origin.list,origin.list,2023-06-26 08:38:56.933885,daabdea7ee7556c1c1ba32e7
07jgc.com,AVAILABILITY,origin.list,origin.list,2023-06-26 08:38:59.782567,daabdea7ee7556c1c1ba32e7
07sdsd.com,AVAILABILITY,origin.list,origin.list,2023-06-26 08:39:04.181248,daabdea7ee7556c1c1ba32e7
07xjj.com,AVAILABILITY,origin.list,origin.list,2023-06-26 08:39:05.962257,daabdea7ee7556c1c1ba32e7
07zgg.com,AVAILABILITY,origin.list,origin.list,2023-06-26 08:39:06.707555,daabdea7ee7556c1c1ba32e7
07i4tg5.mom,AVAILABILITY,origin.list,origin.list,2023-06-26 08:39:08.251829,daabdea7ee7556c1c1ba32e7
080362.com,AVAILABILITY,origin.list,origin.list,2023-06-26 08:39:13.899377,daabdea7ee7556c1c1ba32e7
08080808.com,AVAILABILITY,origin.list,origin.list,2023-06-26 08:39:20.002852,daabdea7ee7556c1c1ba32e7
080sds.xyz,AVAILABILITY,origin.list,origin.list,2023-06-26 08:39:21.765364,daabdea7ee7556c1c1ba32e7
081xxx.com,AVAILABILITY,origin.list,origin.list,2023-06-26 08:39:22.048068,daabdea7ee7556c1c1ba32e7
0817zy.com,AVAILABILITY,origin.list,origin.list,2023-06-26 08:39:23.958802,daabdea7ee7556c1c1ba32e7
0818zp.com,AVAILABILITY,origin.list,origin.list,2023-06-26 08:39:26.696745,daabdea7ee7556c1c1ba32e7
08213.wang,AVAILABILITY,origin.list,origin.list,2023-06-26 08:39:28.128989,daabdea7ee7556c1c1ba32e7
0833njnk.com,AVAILABILITY,origin.list,origin.list,2023-06-26 08:39:29.446769,daabdea7ee7556c1c1ba32e7
0830hfj.com,AVAILABILITY,origin.list,origin.list,2023-06-26 08:39:30.070888,daabdea7ee7556c1c1ba32e7
082sds.xyz,AVAILABILITY,origin.list,origin.list,2023-06-26 08:39:32.927576,daabdea7ee7556c1c1ba32e7
0834rcw.com,AVAILABILITY,origin.list,origin.list,2023-06-26 08:39:39.147751,daabdea7ee7556c1c1ba32e7
085415.com,AVAILABILITY,origin.list,origin.list,2023-06-26 08:39:45.321171,daabdea7ee7556c1c1ba32e7
086027.com,AVAILABILITY,origin.list,origin.list,2023-06-26 08:39:46.142304,daabdea7ee7556c1c1ba32e7
08610.wang,AVAILABILITY,origin.list,origin.list,2023-06-26 08:39:46.230058,daabdea7ee7556c1c1ba32e7
085110.com,AVAILABILITY,origin.list,origin.list,2023-06-26 08:39:48.881296,daabdea7ee7556c1c1ba32e7
084sds.xyz,AVAILABILITY,origin.list,origin.list,2023-06-26 08:39:53.331538,daabdea7ee7556c1c1ba32e7
086ka.com,AVAILABILITY,origin.list,origin.list,2023-06-26 08:39:53.678319,daabdea7ee7556c1c1ba32e7
0871gk.com,AVAILABILITY,origin.list,origin.list,2023-06-26 08:39:59.084046,daabdea7ee7556c1c1ba32e7
086sds.xyz,AVAILABILITY,origin.list,origin.list,2023-06-26 08:40:04.117930,daabdea7ee7556c1c1ba32e7
087m5.xyz,AVAILABILITY,origin.list,origin.list,2023-06-26 08:40:09.163685,daabdea7ee7556c1c1ba32e7
087p.com,AVAILABILITY,origin.list,origin.list,2023-06-26 08:40:09.277615,daabdea7ee7556c1c1ba32e7
087sds.xyz,AVAILABILITY,origin.list,origin.list,2023-06-26 08:40:14.757376,daabdea7ee7556c1c1ba32e7
088sds.xyz,AVAILABILITY,origin.list,origin.list,2023-06-26 08:40:14.771581,daabdea7ee7556c1c1ba32e7
0898com.com,AVAILABILITY,origin.list,origin.list,2023-06-26 08:40:26.648519,daabdea7ee7556c1c1ba32e7
08abb.com,AVAILABILITY,origin.list,origin.list,2023-06-26 08:40:31.504204,daabdea7ee7556c1c1ba32e7
0898dz.net,AVAILABILITY,origin.list,origin.list,2023-06-26 08:40:32.400606,daabdea7ee7556c1c1ba32e7
08agg.com,AVAILABILITY,origin.list,origin.list,2023-06-26 08:40:32.558817,daabdea7ee7556c1c1ba32e7
08att.com,AVAILABILITY,origin.list,origin.list,2023-06-26 08:40:40.478774,daabdea7ee7556c1c1ba32e7
08ddtv.com,AVAILABILITY,origin.list,origin.list,2023-06-26 08:40:44.379219,daabdea7ee7556c1c1ba32e7
08axx.com,AVAILABILITY,origin.list,origin.list,2023-06-26 08:40:44.959518,daabdea7ee7556c1c1ba32e7
08azz.com,AVAILABILITY,origin.list,origin.list,2023-06-26 08:40:46.087734,daabdea7ee7556c1c1ba32e7
08hs.com,AVAILABILITY,origin.list,origin.list,2023-06-26 08:40:49.439741,daabdea7ee7556c1c1ba32e7
08bxbx.com,AVAILABILITY,origin.list,origin.list,2023-06-26 08:40:49.646867,daabdea7ee7556c1c1ba32e7
08jgc.com,AVAILABILITY,origin.list,origin.list,2023-06-26 08:40:58.946539,daabdea7ee7556c1c1ba32e7
08dede.com,AVAILABILITY,origin.list,origin.list,2023-06-26 08:41:00.388040,daabdea7ee7556c1c1ba32e7
08ddx.com,AVAILABILITY,origin.list,origin.list,2023-06-26 08:41:00.495598,daabdea7ee7556c1c1ba32e7
08dee.com,AVAILABILITY,origin.list,origin.list,2023-06-26 08:41:01.217134,daabdea7ee7556c1c1ba32e7
08sds.com,AVAILABILITY,origin.list,origin.list,2023-06-26 08:41:03.089552,daabdea7ee7556c1c1ba32e7
09106.wang,AVAILABILITY,origin.list,origin.list,2023-06-26 08:41:06.156172,daabdea7ee7556c1c1ba32e7
08sports.com,AVAILABILITY,origin.list,origin.list,2023-06-26 08:41:13.594183,daabdea7ee7556c1c1ba32e7
0931-power.com,AVAILABILITY,origin.list,origin.list,2023-06-26 08:41:13.825470,daabdea7ee7556c1c1ba32e7
08zgg.com,AVAILABILITY,origin.list,origin.list,2023-06-26 08:41:15.258971,daabdea7ee7556c1c1ba32e7
08xjj.com,AVAILABILITY,origin.list,origin.list,2023-06-26 08:41:18.974748,daabdea7ee7556c1c1ba32e7
0908123.com,AVAILABILITY,origin.list,origin.list,2023-06-26 08:41:20.214880,daabdea7ee7556c1c1ba32e7
09121000555.com,AVAILABILITY,origin.list,origin.list,2023-06-26 08:41:21.451077,daabdea7ee7556c1c1ba32e7
0931tyl.net,AVAILABILITY,origin.list,origin.list,2023-06-26 08:41:23.466861,daabdea7ee7556c1c1ba32e7
095415.com,AVAILABILITY,origin.list,origin.list,2023-06-26 08:41:30.658146,daabdea7ee7556c1c1ba32e7
096586.com,AVAILABILITY,origin.list,origin.list,2023-06-26 08:41:31.391766,daabdea7ee7556c1c1ba32e7
093105.com,AVAILABILITY,origin.list,origin.list,2023-06-26 08:41:37.444417,daabdea7ee7556c1c1ba32e7
0971ly.com,AVAILABILITY,origin.list,origin.list,2023-06-26 08:41:39.983282,daabdea7ee7556c1c1ba32e7
096711.com,AVAILABILITY,origin.list,origin.list,2023-06-26 08:41:40.382079,daabdea7ee7556c1c1ba32e7
0988672446.com,AVAILABILITY,origin.list,origin.list,2023-06-26 08:41:41.798150,daabdea7ee7556c1c1ba32e7
098325.com,AVAILABILITY,origin.list,origin.list,2023-06-26 08:41:43.255684,daabdea7ee7556c1c1ba32e7
097385.com,AVAILABILITY,origin.list,origin.list,2023-06-26 08:41:51.024472,daabdea7ee7556c1c1ba32e7
09abb.com,AVAILABILITY,origin.list,origin.list,2023-06-26 08:41:52.060728,daabdea7ee7556c1c1ba32e7
098351.com,AVAILABILITY,origin.list,origin.list,2023-06-26 08:41:55.916064,daabdea7ee7556c1c1ba32e7
09agg.com,AVAILABILITY,origin.list,origin.list,2023-06-26 08:41:57.802569,daabdea7ee7556c1c1ba32e7
0989912538.com,AVAILABILITY,origin.list,origin.list,2023-06-26 08:41:57.830270,daabdea7ee7556c1c1ba32e7
09att.com,AVAILABILITY,origin.list,origin.list,2023-06-26 08:42:01.162906,daabdea7ee7556c1c1ba32e7
098607.com,AVAILABILITY,origin.list,origin.list,2023-06-26 08:42:01.433844,daabdea7ee7556c1c1ba32e7
09add.com,AVAILABILITY,origin.list,origin.list,2023-06-26 08:42:05.984124,daabdea7ee7556c1c1ba32e7
09azz.com,AVAILABILITY,origin.list,origin.list,2023-06-26 08:42:09.321397,daabdea7ee7556c1c1ba32e7
09bxbx.com,AVAILABILITY,origin.list,origin.list,2023-06-26 08:42:12.991228,daabdea7ee7556c1c1ba32e7
09axx.com,AVAILABILITY,origin.list,origin.list,2023-06-26 08:42:13.899820,daabdea7ee7556c1c1ba32e7
09ddtv.com,AVAILABILITY,origin.list,origin.list,2023-06-26 08:42:19.929547,daabdea7ee7556c1c1ba32e7
09dede.com,AVAILABILITY,origin.list,origin.list,2023-06-26 08:42:23.463026,daabdea7ee7556c1c1ba32e7
09ddx.com,AVAILABILITY,origin.list,origin.list,2023-06-26 08:42:24.562269,daabdea7ee7556c1c1ba32e7
09sxsx.com,AVAILABILITY,origin.list,origin.list,2023-06-26 08:42:26.377117,daabdea7ee7556c1c1ba32e7
09sds.com,AVAILABILITY,origin.list,origin.list,2023-06-26 08:42:27.004925,daabdea7ee7556c1c1ba32e7
09sdsd.com,AVAILABILITY,origin.list,origin.list,2023-06-26 08:42:27.228339,daabdea7ee7556c1c1ba32e7
09dee.com,AVAILABILITY,origin.list,origin.list,2023-06-26 08:42:31.531372,daabdea7ee7556c1c1ba32e7
0gs64.com,AVAILABILITY,origin.list,origin.list,2023-06-26 08:42:35.284038,daabdea7ee7556c1c1ba32e7
09xjj.com,AVAILABILITY,origin.list,origin.list,2023-06-26 08:42:37.603502,daabdea7ee7556c1c1ba32e7
09zgg.com,AVAILABILITY,origin.list,origin.list,2023-06-26 08:42:38.811192,daabdea7ee7556c1c1ba32e7
0dwz.com,AVAILABILITY,origin.list,origin.list,2023-06-26 08:42:47.327189,daabdea7ee7556c1c1ba32e7
0duck.com,AVAILABILITY,origin.list,origin.list,2023-06-26 08:42:52.710041,daabdea7ee7556c1c1ba32e7
0mze.com,AVAILABILITY,origin.list,origin.list,2023-06-26 08:42:52.972912,daabdea7ee7556c1c1ba32e7
0ih20.xyz,AVAILABILITY,origin.list,origin.list,2023-06-26 08:42:55.943655,daabdea7ee7556c1c1ba32e7
0kdnt.cyou,AVAILABILITY,origin.list,origin.list,2023-06-26 08:42:57.958238,daabdea7ee7556c1c1ba32e7
0n8bi.com,AVAILABILITY,origin.list,origin.list,2023-06-26 08:42:58.457995,daabdea7ee7556c1c1ba32e7
0jcu8.xyz,AVAILABILITY,origin.list,origin.list,2023-06-26 08:42:59.382194,daabdea7ee7556c1c1ba32e7
1-04.productions,AVAILABILITY,origin.list,origin.list,2023-06-26 08:42:59.482267,daabdea7ee7556c1c1ba32e7
1-05.productions,AVAILABILITY,origin.list,origin.list,2023-06-26 08:42:59.774489,daabdea7ee7556c1c1ba32e7
1-07.productions,AVAILABILITY,origin.list,origin.list,2023-06-26 08:42:59.885386,daabdea7ee7556c1c1ba32e7
1-08.productions,AVAILABILITY,origin.list,origin.list,2023-06-26 08:43:00.175207,daabdea7ee7556c1c1ba32e7
1-09.productions,AVAILABILITY,origin.list,origin.list,2023-06-26 08:43:00.276497,daabdea7ee7556c1c1ba32e7
1-10.productions,AVAILABILITY,origin.list,origin.list,2023-06-26 08:43:00.575011,daabdea7ee7556c1c1ba32e7
1-14.productions,AVAILABILITY,origin.list,origin.list,2023-06-26 08:43:00.670105,daabdea7ee7556c1c1ba32e7
1-45.productions,AVAILABILITY,origin.list,origin.list,2023-06-26 08:43:01.069571,daabdea7ee7556c1c1ba32e7
1-21.voto,AVAILABILITY,origin.list,origin.list,2023-06-26 08:43:01.240893,daabdea7ee7556c1c1ba32e7
1-49.productions,AVAILABILITY,origin.list,origin.list,2023-06-26 08:43:01.473170,daabdea7ee7556c1c1ba32e7
1-54.productions,AVAILABILITY,origin.list,origin.list,2023-06-26 08:43:01.634801,daabdea7ee7556c1c1ba32e7
0odvg.com,AVAILABILITY,origin.list,origin.list,2023-06-26 08:43:01.794979,daabdea7ee7556c1c1ba32e7
1-70.productions,AVAILABILITY,origin.list,origin.list,2023-06-26 08:43:01.863319,daabdea7ee7556c1c1ba32e7
1-80.productions,AVAILABILITY,origin.list,origin.list,2023-06-26 08:43:02.089895,daabdea7ee7556c1c1ba32e7
1-87.voto,AVAILABILITY,origin.list,origin.list,2023-06-26 08:43:02.201494,daabdea7ee7556c1c1ba32e7
1-88.productions,AVAILABILITY,origin.list,origin.list,2023-06-26 08:43:02.264476,daabdea7ee7556c1c1ba32e7
1-89.productions,AVAILABILITY,origin.list,origin.list,2023-06-26 08:43:02.489897,daabdea7ee7556c1c1ba32e7
1-90.productions,AVAILABILITY,origin.list,origin.list,2023-06-26 08:43:02.604082,daabdea7ee7556c1c1ba32e7
1-97.productions,AVAILABILITY,origin.list,origin.list,2023-06-26 08:43:02.670811,daabdea7ee7556c1c1ba32e7
1-parts.com,AVAILABILITY,origin.list,origin.list,2023-06-26 08:43:02.847021,daabdea7ee7556c1c1ba32e7
1-98.productions,AVAILABILITY,origin.list,origin.list,2023-06-26 08:43:02.895706,daabdea7ee7556c1c1ba32e7
1-pon.com,AVAILABILITY,origin.list,origin.list,2023-06-26 08:43:02.904244,daabdea7ee7556c1c1ba32e7
10-25.productions,AVAILABILITY,origin.list,origin.list,2023-06-26 08:43:03.244363,daabdea7ee7556c1c1ba32e7
0v26r.xyz,AVAILABILITY,origin.list,origin.list,2023-06-26 08:43:03.907123,daabdea7ee7556c1c1ba32e7
0t5vt.xyz,AVAILABILITY,origin.list,origin.list,2023-06-26 08:43:04.143756,daabdea7ee7556c1c1ba32e7
1000yiqi.com,AVAILABILITY,origin.list,origin.list,2023-06-26 08:43:15.313611,daabdea7ee7556c1c1ba32e7
10000zhong.com,AVAILABILITY,origin.list,origin.list,2023-06-26 08:43:17.251798,daabdea7ee7556c1c1ba32e7
1000porn.com,AVAILABILITY,origin.list,origin.list,2023-06-26 08:43:18.537893,daabdea7ee7556c1c1ba32e7
100141.com,AVAILABILITY,origin.list,origin.list,2023-06-26 08:43:21.764179,daabdea7ee7556c1c1ba32e7
1001truyen.blogspot.com,AVAILABILITY,origin.list,origin.list,2023-06-26 08:43:22.542901,daabdea7ee7556c1c1ba32e7
10000sh.net,AVAILABILITY,origin.list,origin.list,2023-06-26 08:43:22.692645,daabdea7ee7556c1c1ba32e7
1002ye.com,AVAILABILITY,origin.list,origin.list,2023-06-26 08:43:27.071199,daabdea7ee7556c1c1ba32e7
100374.com,AVAILABILITY,origin.list,origin.list,2023-06-26 08:43:27.967198,daabdea7ee7556c1c1ba32e7
1001xxx.com,AVAILABILITY,origin.list,origin.list,2023-06-26 08:43:29.620852,daabdea7ee7556c1c1ba32e7
100342.com,AVAILABILITY,origin.list,origin.list,2023-06-26 08:43:33.533295,daabdea7ee7556c1c1ba32e7
100347.com,AVAILABILITY,origin.list,origin.list,2023-06-26 08:43:39.347584,daabdea7ee7556c1c1ba32e7
100391.com,AVAILABILITY,origin.list,origin.list,2023-06-26 08:43:39.987017,daabdea7ee7556c1c1ba32e7
100411.com,AVAILABILITY,origin.list,origin.list,2023-06-26 08:43:46.418271,daabdea7ee7556c1c1ba32e7
100420.com,AVAILABILITY,origin.list,origin.list,2023-06-26 08:43:48.737335,daabdea7ee7556c1c1ba32e7
100452.com,AVAILABILITY,origin.list,origin.list,2023-06-26 08:43:54.483452,daabdea7ee7556c1c1ba32e7
100463.com,AVAILABILITY,origin.list,origin.list,2023-06-26 08:43:55.515029,daabdea7ee7556c1c1ba32e7
100469.com,AVAILABILITY,origin.list,origin.list,2023-06-26 08:43:58.683328,daabdea7ee7556c1c1ba32e7
100439.com,AVAILABILITY,origin.list,origin.list,2023-06-26 08:43:59.737651,daabdea7ee7556c1c1ba32e7
100473.com,AVAILABILITY,origin.list,origin.list,2023-06-26 08:44:02.895041,daabdea7ee7556c1c1ba32e7
100483.com,AVAILABILITY,origin.list,origin.list,2023-06-26 08:44:07.930506,daabdea7ee7556c1c1ba32e7
100475.com,AVAILABILITY,origin.list,origin.list,2023-06-26 08:44:11.899169,daabdea7ee7556c1c1ba32e7
