idna_subject,checker_type,destination,tested_at
0-61.com,AVAILABILITY,origin.list,2023-06-26 08:24:12.829725
0178pay.com,AVAILABILITY,origin.list,2023-06-26 08:24:52.927916
024bdfyy.com,AVAILABILITY,origin.list,2023-06-26 08:25:31.523886
025804.cn,AVAILABILITY,origin.list,2023-06-26 08:25:37.415337
028rshop.com,AVAILABILITY,origin.list,2023-06-26 08:25:48.285494
0531caiwu.com,AVAILABILITY,origin.list,2023-06-26 08:29:51.403009
052940.com,AVAILABILITY,origin.list,2023-06-26 08:29:55.120678
0576jl.com,AVAILABILITY,origin.list,2023-06-26 08:31:37.231750
05axx.com,AVAILABILITY,origin.list,2023-06-26 08:32:45.607651
061sds.xyz,AVAILABILITY,origin.list,2023-06-26 08:33:22.009091
0631dq.com,AVAILABILITY,origin.list,2023-06-26 08:33:25.265831
06axx.com,AVAILABILITY,origin.list,2023-06-26 08:34:42.405668
0791dw.com,AVAILABILITY,origin.list,2023-06-26 08:37:52.613119
079441.com,AVAILABILITY,origin.list,2023-06-26 08:38:07.713514
07axx.com,AVAILABILITY,origin.list,2023-06-26 08:38:50.758965
08axx.com,AVAILABILITY,origin.list,2023-06-26 08:40:44.959518
093105.com,AVAILABILITY,origin.list,2023-06-26 08:41:37.444417
09axx.com,AVAILABILITY,origin.list,2023-06-26 08:42:13.899820
0duck.com,AVAILABILITY,origin.list,2023-06-26 08:42:52.710041
100fenxi.com,AVAILABILITY,origin.list,2023-06-26 08:47:06.661284
1013global.com,AVAILABILITY,origin.list,2023-06-26 08:47:06.724646
100orgasmos.online,AVAILABILITY,origin.list,2023-06-26 08:47:06.950843
10axx.com,AVAILABILITY,origin.list,2023-06-26 08:48:54.937787
110103.com,AVAILABILITY,origin.list,2023-06-26 08:49:54.889321
11e2.com,AVAILABILITY,origin.list,2023-06-26 08:53:33.170043
120suzhou.com,AVAILABILITY,origin.list,2023-06-26 08:54:27.780702
12axx.com,AVAILABILITY,origin.list,2023-06-26 08:56:11.123967
130105.com,AVAILABILITY,origin.list,2023-06-26 08:57:23.783006
145637.com,AVAILABILITY,origin.list,2023-06-26 09:01:15.725835
14axx.com,AVAILABILITY,origin.list,2023-06-26 09:01:59.941515
159177.com,AVAILABILITY,origin.list,2023-06-26 09:04:30.834570
15minutefocus.com,AVAILABILITY,origin.list,2023-06-26 09:04:57.446359
173bns.com,AVAILABILITY,origin.list,2023-06-26 09:07:00.266216
1885xx.com,AVAILABILITY,origin.list,2023-06-26 09:08:49.303477
18ib.com,AVAILABILITY,origin.list,2023-06-26 09:08:55.602372
191guy.com,AVAILABILITY,origin.list,2023-06-26 09:09:21.788468
19931121.com,AVAILABILITY,origin.list,2023-06-26 09:09:28.329780
1mudah.com,AVAILABILITY,origin.list,2023-06-26 09:10:00.961635
1x7teqc.com,AVAILABILITY,origin.list,2023-06-26 09:10:09.645249
200euromails.com,AVAILABILITY,origin.list,2023-06-26 09:11:17.745561
200sao.com,AVAILABILITY,origin.list,2023-06-26 09:11:17.993271
2010rz.com,AVAILABILITY,origin.list,2023-06-26 09:11:19.462038
206643.com,AVAILABILITY,origin.list,2023-06-26 09:11:33.500199
217524.com,AVAILABILITY,origin.list,2023-06-26 09:11:51.673610
21axx.com,AVAILABILITY,origin.list,2023-06-26 09:11:53.602668
227ti.com,AVAILABILITY,origin.list,2023-06-26 09:12:25.345906
228rfd.com,AVAILABILITY,origin.list,2023-06-26 09:12:28.646501
241991.com,AVAILABILITY,origin.list,2023-06-26 09:13:02.944717
251189.com,AVAILABILITY,origin.list,2023-06-26 09:13:19.183451
25axx.com,AVAILABILITY,origin.list,2023-06-26 09:13:34.514538
26axx.com,AVAILABILITY,origin.list,2023-06-26 09:13:58.059416
284758.com,AVAILABILITY,origin.list,2023-06-26 09:14:29.475228
289149.com,AVAILABILITY,origin.list,2023-06-26 09:14:34.647365
2d190.cn,AVAILABILITY,origin.list,2023-06-26 09:14:58.140699
305ontap.com,AVAILABILITY,origin.list,2023-06-26 09:15:23.731668
32axx.com,AVAILABILITY,origin.list,2023-06-26 09:15:53.083839
360zgjm.com,AVAILABILITY,origin.list,2023-06-26 09:18:22.105277
3643lowry.com,AVAILABILITY,origin.list,2023-06-26 09:18:23.658733
3661235.com,AVAILABILITY,origin.list,2023-06-26 09:18:26.588717
38axx.com,AVAILABILITY,origin.list,2023-06-26 09:18:44.869189
393389.com,AVAILABILITY,origin.list,2023-06-26 09:18:49.829483
39dpw.com,AVAILABILITY,origin.list,2023-06-26 09:18:53.199577
3ashi8.com,AVAILABILITY,origin.list,2023-06-26 09:18:56.150931
3celeb.com,AVAILABILITY,origin.list,2023-06-26 09:18:57.299504
3g173.com,AVAILABILITY,origin.list,2023-06-26 09:19:01.539602
3gphoneshop.com,AVAILABILITY,origin.list,2023-06-26 09:19:02.185120
3pvip04.com,AVAILABILITY,origin.list,2023-06-26 09:19:25.801720
3wrd.com,AVAILABILITY,origin.list,2023-06-26 09:19:38.673282
406711.com,AVAILABILITY,origin.list,2023-06-26 09:20:50.214026
408550.com,AVAILABILITY,origin.list,2023-06-26 09:20:50.856981
40axx.com,AVAILABILITY,origin.list,2023-06-26 09:20:51.583134
433736.com,AVAILABILITY,origin.list,2023-06-26 09:21:13.180789
442706.com,AVAILABILITY,origin.list,2023-06-26 09:21:28.095118
4465888.com,AVAILABILITY,origin.list,2023-06-26 09:21:48.011851
4488cao.com,AVAILABILITY,origin.list,2023-06-26 09:21:54.221091
4bearlodge.com,AVAILABILITY,origin.list,2023-06-26 09:23:51.908104
4lslimness.com,AVAILABILITY,origin.list,2023-06-26 09:24:21.914224
4ntx.com,AVAILABILITY,origin.list,2023-06-26 09:24:22.871759
500suncity.com,AVAILABILITY,origin.list,2023-06-26 09:25:05.367839
5151ktv.com,AVAILABILITY,origin.list,2023-06-26 09:25:29.152506
5166dy.com,AVAILABILITY,origin.list,2023-06-26 09:25:30.867356
51jubao.com,AVAILABILITY,origin.list,2023-06-26 09:29:32.676086
51ystui.com,AVAILABILITY,origin.list,2023-06-26 09:29:43.302339
520jlw.com,AVAILABILITY,origin.list,2023-06-26 09:30:13.112795
52koufuye.com,AVAILABILITY,origin.list,2023-06-26 09:30:30.115849
52ljf.com,AVAILABILITY,origin.list,2023-06-26 09:30:30.446206
542110.com,AVAILABILITY,origin.list,2023-06-26 09:30:46.733514
544971.com,AVAILABILITY,origin.list,2023-06-26 09:30:50.093923
565sao.com,AVAILABILITY,origin.list,2023-06-26 09:38:26.055040
589848.com,AVAILABILITY,origin.list,2023-06-26 09:39:12.263854
58ssc58.com,AVAILABILITY,origin.list,2023-06-26 09:39:15.071176
595city.com,AVAILABILITY,origin.list,2023-06-26 09:39:21.348018
5remai.com,AVAILABILITY,origin.list,2023-06-26 09:40:04.420232
60yu.xyz,AVAILABILITY,origin.list,2023-06-26 09:40:35.495583
611469.com,AVAILABILITY,origin.list,2023-06-26 09:40:36.710155
61yu.xyz,AVAILABILITY,origin.list,2023-06-26 09:40:44.502577
66944.top,AVAILABILITY,origin.list,2023-06-26 09:41:56.565507
695251.com,AVAILABILITY,origin.list,2023-06-26 09:42:29.716237
6arxzy.com,AVAILABILITY,origin.list,2023-06-26 09:42:40.770665
6hwl.com,AVAILABILITY,origin.list,2023-06-26 09:42:52.658528
6jvm.com,AVAILABILITY,origin.list,2023-06-26 09:42:53.145255
6tua.com,AVAILABILITY,origin.list,2023-06-26 09:43:05.461501
7103600.com,AVAILABILITY,origin.list,2023-06-26 09:43:58.576227
717uc.com,AVAILABILITY,origin.list,2023-06-26 09:44:00.923307
71blackberry.com,AVAILABILITY,origin.list,2023-06-26 09:44:02.764835
7368966.com,AVAILABILITY,origin.list,2023-06-26 09:44:17.596461
737-4600.com,AVAILABILITY,origin.list,2023-06-26 09:44:17.609307
750059.com,AVAILABILITY,origin.list,2023-06-26 09:44:32.866206
763lanqiu.com,AVAILABILITY,origin.list,2023-06-26 09:44:48.103997
813suncity.com,AVAILABILITY,origin.list,2023-06-26 09:52:27.129661
851733.com,AVAILABILITY,origin.list,2023-06-26 09:53:24.132947
8590200.com,AVAILABILITY,origin.list,2023-06-26 09:53:35.334939
859suncity.com,AVAILABILITY,origin.list,2023-06-26 09:53:35.938505
86150007.com,AVAILABILITY,origin.list,2023-06-26 09:53:42.534422
880479.com,AVAILABILITY,origin.list,2023-06-26 09:54:08.628047
886jsc.com,AVAILABILITY,origin.list,2023-06-26 09:54:18.966276
888999520.com,AVAILABILITY,origin.list,2023-06-26 09:54:23.070376
88av39.xyz,AVAILABILITY,origin.list,2023-06-26 09:54:26.415342
891664.com,AVAILABILITY,origin.list,2023-06-26 09:54:32.881199
893734.com,AVAILABILITY,origin.list,2023-06-26 09:54:35.216226
9188wl.com,AVAILABILITY,origin.list,2023-06-26 09:56:19.635291
91chwl.com,AVAILABILITY,origin.list,2023-06-26 09:56:22.937705
91sshhddai.com,AVAILABILITY,origin.list,2023-06-26 09:56:28.666784
91wwhhddai.com,AVAILABILITY,origin.list,2023-06-26 09:56:29.934798
949theworks.com,AVAILABILITY,origin.list,2023-06-26 09:56:47.827217
95uuk.com,AVAILABILITY,origin.list,2023-06-26 09:57:17.773286
964092.com,AVAILABILITY,origin.list,2023-06-26 09:57:19.480986
985turadio.com,AVAILABILITY,origin.list,2023-06-26 09:57:36.245290
98taobao.com,AVAILABILITY,origin.list,2023-06-26 09:57:47.149198
9922228.com,AVAILABILITY,origin.list,2023-06-26 09:57:48.575702
999live.asia,AVAILABILITY,origin.list,2023-06-26 09:58:06.754224
9ditu.net,AVAILABILITY,origin.list,2023-06-26 09:58:15.840833
9youquan.cn,AVAILABILITY,origin.list,2023-06-26 09:58:59.672052
9zhuxian.com,AVAILABILITY,origin.list,2023-06-26 09:59:03.382376
a2zstories.com,AVAILABILITY,origin.list,2023-06-26 09:59:23.606784
a444.live,AVAILABILITY,origin.list,2023-06-26 09:59:36.778220
abm-jump.com,AVAILABILITY,origin.list,2023-06-26 10:05:36.887600
abiandchris.com,AVAILABILITY,origin.list,2023-06-26 10:05:37.849100
abysmalmag.com,AVAILABILITY,origin.list,2023-06-26 10:05:38.928398
accvita.com,AVAILABILITY,origin.list,2023-06-26 10:05:43.790858
ad-dhl.com,AVAILABILITY,origin.list,2023-06-26 10:05:47.186961
adamnashmusic.com,AVAILABILITY,origin.list,2023-06-26 10:05:47.937408
adisasystems.com,AVAILABILITY,origin.list,2023-06-26 10:05:54.511179
adriankaz.com,AVAILABILITY,origin.list,2023-06-26 10:05:55.848032
adopblg.cn,AVAILABILITY,origin.list,2023-06-26 10:05:56.100528
adultvid.ru,AVAILABILITY,origin.list,2023-06-26 10:06:17.271565
advkkk.com,AVAILABILITY,origin.list,2023-06-26 10:06:21.050436
aglongxing.com,AVAILABILITY,origin.list,2023-06-26 10:06:55.961173
agootech.com,AVAILABILITY,origin.list,2023-06-26 10:07:07.370786
affiliate.doubleyourdating.com,AVAILABILITY,origin.list,2023-06-26 10:07:07.942995
ai-senmei.com,AVAILABILITY,origin.list,2023-06-26 10:14:34.408653
aimeicloud.com,AVAILABILITY,origin.list,2023-06-26 10:14:56.379311
ainhoatarot.com,AVAILABILITY,origin.list,2023-06-26 10:14:57.444406
akatcity.com,AVAILABILITY,origin.list,2023-06-26 10:15:29.512403
akueddie.com,AVAILABILITY,origin.list,2023-06-26 10:15:34.077681
alborz-kabin.com,AVAILABILITY,origin.list,2023-06-26 10:15:40.054581
alexavice.com,AVAILABILITY,origin.list,2023-06-26 10:15:41.933022
alidangela.com,AVAILABILITY,origin.list,2023-06-26 10:15:43.550854
alfa-sm.ru,AVAILABILITY,origin.list,2023-06-26 10:15:44.089660
alinan123.com,AVAILABILITY,origin.list,2023-06-26 10:15:44.445763
allmirchi.com,AVAILABILITY,origin.list,2023-06-26 10:15:55.743717
alrazziq.com,AVAILABILITY,origin.list,2023-06-26 10:16:15.436289
alumaber.com,AVAILABILITY,origin.list,2023-06-26 10:16:22.536230
altinkayayapi.com,AVAILABILITY,origin.list,2023-06-26 10:16:22.549126
amkk31.tech,AVAILABILITY,origin.list,2023-06-26 10:16:47.955885
ammcv.com,AVAILABILITY,origin.list,2023-06-26 10:16:48.073115
analcall.com,AVAILABILITY,origin.list,2023-06-26 10:16:52.752106
analfancy.com,AVAILABILITY,origin.list,2023-06-26 10:16:54.820907
angeree.com,AVAILABILITY,origin.list,2023-06-26 10:17:05.035059
anhgaihotnhat.blogspot.com,AVAILABILITY,origin.list,2023-06-26 10:17:08.407371
anhgaixinh.vip,AVAILABILITY,origin.list,2023-06-26 10:17:09.036856
anjingsehat.com,AVAILABILITY,origin.list,2023-06-26 10:17:19.777673
anshawy.com,AVAILABILITY,origin.list,2023-06-26 10:17:24.730947
anysow.com,AVAILABILITY,origin.list,2023-06-26 10:17:33.651773
apap39.com,AVAILABILITY,origin.list,2023-06-26 10:17:52.884030
apap41.com,AVAILABILITY,origin.list,2023-06-26 10:17:53.229785
apap48.com,AVAILABILITY,origin.list,2023-06-26 10:17:54.567007
apesapy.com,AVAILABILITY,origin.list,2023-06-26 10:17:55.236167
app-live567.com,AVAILABILITY,origin.list,2023-06-26 10:18:00.810324
appsfl.com,AVAILABILITY,origin.list,2023-06-26 10:18:16.849173
appzclub.com,AVAILABILITY,origin.list,2023-06-26 10:18:20.862531
aquaprim-sbr.com,AVAILABILITY,origin.list,2023-06-26 10:18:29.879326
arcadecms.com,AVAILABILITY,origin.list,2023-06-26 10:18:30.486562
arkanvar.com,AVAILABILITY,origin.list,2023-06-26 10:18:31.663612
armbt.com,AVAILABILITY,origin.list,2023-06-26 10:18:32.285979
arvimalice.com,AVAILABILITY,origin.list,2023-06-26 10:18:34.077234
asclios.cn,AVAILABILITY,origin.list,2023-06-26 10:18:37.716060
asebc.com,AVAILABILITY,origin.list,2023-06-26 10:18:49.309736
askackbar.com,AVAILABILITY,origin.list,2023-06-26 10:19:39.452345
asp69.app,AVAILABILITY,origin.list,2023-06-26 10:19:58.805285
asptv.app,AVAILABILITY,origin.list,2023-06-26 10:20:15.365394
asptv3.app,AVAILABILITY,origin.list,2023-06-26 10:20:17.473700
asptv2.app,AVAILABILITY,origin.list,2023-06-26 10:20:17.476553
attictransit.com,AVAILABILITY,origin.list,2023-06-26 10:20:30.501446
ausup-pro.com,AVAILABILITY,origin.list,2023-06-26 10:20:35.173207
authmer.com,AVAILABILITY,origin.list,2023-06-26 10:20:35.896760
ava80.com,AVAILABILITY,origin.list,2023-06-26 10:20:46.707242
avastonetest.com,AVAILABILITY,origin.list,2023-06-26 10:20:47.059623
avv02.com,AVAILABILITY,origin.list,2023-06-26 10:20:55.008239
avv06.com,AVAILABILITY,origin.list,2023-06-26 10:20:56.013502
avv05.com,AVAILABILITY,origin.list,2023-06-26 10:20:56.022454
avv01.com,AVAILABILITY,origin.list,2023-06-26 10:20:56.104020
avv03.com,AVAILABILITY,origin.list,2023-06-26 10:20:56.253004
avv04.com,AVAILABILITY,origin.list,2023-06-26 10:21:02.567464
avv10.com,AVAILABILITY,origin.list,2023-06-26 10:21:03.684558
avv09.com,AVAILABILITY,origin.list,2023-06-26 10:21:04.825365
avv08.com,AVAILABILITY,origin.list,2023-06-26 10:21:05.796346
avv07.com,AVAILABILITY,origin.list,2023-06-26 10:21:05.929940
awanle.com,AVAILABILITY,origin.list,2023-06-26 10:21:19.939137
b3webs.com,AVAILABILITY,origin.list,2023-06-26 10:21:53.433050
b444.live,AVAILABILITY,origin.list,2023-06-26 10:21:54.382616
b4ee.com,AVAILABILITY,origin.list,2023-06-26 10:21:54.960059
b7799e.com,AVAILABILITY,origin.list,2023-06-26 10:21:56.791413
b9800.com,AVAILABILITY,origin.list,2023-06-26 10:21:58.337192
babes.sexxe.uno,AVAILABILITY,origin.list,2023-06-26 10:22:02.384519
bacviettravel.com,AVAILABILITY,origin.list,2023-06-26 10:22:11.303092
baenaeinfo.com,AVAILABILITY,origin.list,2023-06-26 10:22:15.479324
bafangus.com,AVAILABILITY,origin.list,2023-06-26 10:22:16.390043
bagsauk.com,AVAILABILITY,origin.list,2023-06-26 10:22:16.696384
bagvipsale.com,AVAILABILITY,origin.list,2023-06-26 10:22:16.963255
bangdeled.com,AVAILABILITY,origin.list,2023-06-26 10:22:50.179809
banglamel.com,AVAILABILITY,origin.list,2023-06-26 10:22:51.457705
bangong8888.com,AVAILABILITY,origin.list,2023-06-26 10:22:53.132044
bar-stalker.com,AVAILABILITY,origin.list,2023-06-26 10:23:02.820206
bbbku.com,AVAILABILITY,origin.list,2023-06-26 10:23:22.338632
bbjjj9.com,AVAILABILITY,origin.list,2023-06-26 10:26:31.449005
bblive.fun,AVAILABILITY,origin.list,2023-06-26 10:26:50.179092
bbpwk.com,AVAILABILITY,origin.list,2023-06-26 10:27:42.081735
bd.ixxxx.mx,AVAILABILITY,origin.list,2023-06-26 10:38:53.258304
bdalgo.com,AVAILABILITY,origin.list,2023-06-26 10:38:53.983214
bdeebx.com,AVAILABILITY,origin.list,2023-06-26 10:38:54.730769
bd.hdzog.org,AVAILABILITY,origin.list,2023-06-26 10:38:54.917060
bdsmfancy.com,AVAILABILITY,origin.list,2023-06-26 10:39:05.201880
bdxhwz.com,AVAILABILITY,origin.list,2023-06-26 10:39:10.254817
beargou.com,AVAILABILITY,origin.list,2023-06-26 10:39:11.958295
beidaihelailai.com,AVAILABILITY,origin.list,2023-06-26 10:39:28.584682
beijing37.com,AVAILABILITY,origin.list,2023-06-26 10:39:32.263082
berlinvet.com,AVAILABILITY,origin.list,2023-06-26 10:39:42.672002
best-browser.com,AVAILABILITY,origin.list,2023-06-26 10:39:45.923753
bestlovesky.com,AVAILABILITY,origin.list,2023-06-26 10:39:54.917179
bestpashmina.com,AVAILABILITY,origin.list,2023-06-26 10:39:57.027046
bharatkisoch.com,AVAILABILITY,origin.list,2023-06-26 10:41:15.946044
bian28.com,AVAILABILITY,origin.list,2023-06-26 10:41:28.817965
big-anp.com,AVAILABILITY,origin.list,2023-06-26 10:41:36.410084
bigman-asia.com,AVAILABILITY,origin.list,2023-06-26 10:41:44.238986
bin-g.com,AVAILABILITY,origin.list,2023-06-26 10:41:56.853123
bizarretvroku.com,AVAILABILITY,origin.list,2023-06-26 10:42:13.933101
bj-stech.com,AVAILABILITY,origin.list,2023-06-26 10:42:16.630944
bj1866.com,AVAILABILITY,origin.list,2023-06-26 10:42:17.342031
bjahwt.com,AVAILABILITY,origin.list,2023-06-26 10:42:17.513518
bjaihuohua.com,AVAILABILITY,origin.list,2023-06-26 10:42:17.978198
bjcar.net,AVAILABILITY,origin.list,2023-06-26 10:42:24.035594
bjccpj.com,AVAILABILITY,origin.list,2023-06-26 10:42:24.586858
bjdfz.com,AVAILABILITY,origin.list,2023-06-26 10:42:27.312357
bjedu66.com,AVAILABILITY,origin.list,2023-06-26 10:42:29.930063
bjjinlefu.com,AVAILABILITY,origin.list,2023-06-26 10:42:46.619597
bjquanli.com,AVAILABILITY,origin.list,2023-06-26 10:43:06.834182
bjsdzywl.com,AVAILABILITY,origin.list,2023-06-26 10:43:10.489720
bjsttrans.com,AVAILABILITY,origin.list,2023-06-26 10:43:14.624254
bjweddingphoto.com,AVAILABILITY,origin.list,2023-06-26 10:43:20.027855
bjxllq.com,AVAILABILITY,origin.list,2023-06-26 10:43:25.315555
bjxsbhlaw.com,AVAILABILITY,origin.list,2023-06-26 10:43:26.254404
bldwt.com,AVAILABILITY,origin.list,2023-06-26 10:43:55.096296
bleens.com,AVAILABILITY,origin.list,2023-06-26 10:43:55.524736
blogsou.com,AVAILABILITY,origin.list,2023-06-26 10:43:59.557727
blog4hsa.com,AVAILABILITY,origin.list,2023-06-26 10:43:59.739745
bluedojin.com,AVAILABILITY,origin.list,2023-06-26 10:44:04.921887
boaomag.com,AVAILABILITY,origin.list,2023-06-26 10:44:20.284384
boenix.com,AVAILABILITY,origin.list,2023-06-26 10:44:24.958389
bokep3xx.com,AVAILABILITY,origin.list,2023-06-26 10:44:30.025433
bokep6x.com,AVAILABILITY,origin.list,2023-06-26 10:44:31.994656
bokepbarat234.net,AVAILABILITY,origin.list,2023-06-26 10:44:37.510789
bokepbarat432.net,AVAILABILITY,origin.list,2023-06-26 10:44:38.174431
bokepbarat345.org,AVAILABILITY,origin.list,2023-06-26 10:44:38.933878
bokepbarat987.com,AVAILABILITY,origin.list,2023-06-26 10:44:49.751576
boyblower.com,AVAILABILITY,origin.list,2023-06-26 10:45:44.997728
bpdchk.com,AVAILABILITY,origin.list,2023-06-26 10:45:50.646498
branchsinc.com,AVAILABILITY,origin.list,2023-06-26 10:45:52.802336
brasileiras.cyou,AVAILABILITY,origin.list,2023-06-26 10:45:54.517709
brt-ic.com,AVAILABILITY,origin.list,2023-06-26 10:46:04.317281
brutabolin.com,AVAILABILITY,origin.list,2023-06-26 10:46:05.719118
bsbhn.com,AVAILABILITY,origin.list,2023-06-26 10:46:08.826210
bukkakepornclips.com,AVAILABILITY,origin.list,2023-06-26 10:46:37.081087
bushland-hk.com,AVAILABILITY,origin.list,2023-06-26 10:46:41.371133
button-jar.com,AVAILABILITY,origin.list,2023-06-26 10:46:45.194531
c0j0m.com,AVAILABILITY,origin.list,2023-06-26 10:47:26.409277
c1rca1964.com,AVAILABILITY,origin.list,2023-06-26 10:47:27.716691
c444.live,AVAILABILITY,origin.list,2023-06-26 10:47:30.741029
c99cjjllxcvb.xyz,AVAILABILITY,origin.list,2023-06-26 10:47:40.206626
c99cnnrruiop.xyz,AVAILABILITY,origin.list,2023-06-26 10:47:40.944560
cadderehber.com,AVAILABILITY,origin.list,2023-06-26 10:47:42.484017
camaltoes.com,AVAILABILITY,origin.list,2023-06-26 10:47:54.230374
cameramanz.com,AVAILABILITY,origin.list,2023-06-26 10:47:57.613068
carsemjewellery.com,AVAILABILITY,origin.list,2023-06-26 10:48:22.170620
casnutrition.com,AVAILABILITY,origin.list,2023-06-26 10:48:28.509226
cbt-clips.com,AVAILABILITY,origin.list,2023-06-26 11:00:39.197285
cc-tokai.com,AVAILABILITY,origin.list,2023-06-26 11:00:40.980121
ccpitfj.com,AVAILABILITY,origin.list,2023-06-26 11:00:55.517548
ccxspg.com,AVAILABILITY,origin.list,2023-06-26 11:00:59.688946
ccyingyao.com,AVAILABILITY,origin.list,2023-06-26 11:01:01.202590
cdn.khosex.me,AVAILABILITY,origin.list,2023-06-26 11:01:23.760214
cdn.stream3x.me,AVAILABILITY,origin.list,2023-06-26 11:01:27.274488
cdn.hentaicb.xyz,AVAILABILITY,origin.list,2023-06-26 11:01:33.616670
cdqyuan.com,AVAILABILITY,origin.list,2023-06-26 11:01:34.348454
cdsqbbs.com,AVAILABILITY,origin.list,2023-06-26 11:01:37.811195
cebnc.com,AVAILABILITY,origin.list,2023-06-26 11:01:44.723328
centerapt.com,AVAILABILITY,origin.list,2023-06-26 11:01:49.715939
ceprt.cn,AVAILABILITY,origin.list,2023-06-26 11:01:52.480813
chaibuyer.com,AVAILABILITY,origin.list,2023-06-26 11:02:07.347883
changan26bc.com,AVAILABILITY,origin.list,2023-06-26 11:02:08.852513
chanseek.com,AVAILABILITY,origin.list,2023-06-26 11:02:14.217760
chappoo.com,AVAILABILITY,origin.list,2023-06-26 11:02:17.400793
che-wanders.com,AVAILABILITY,origin.list,2023-06-26 11:02:20.777150
cheaplite.com,AVAILABILITY,origin.list,2023-06-26 11:02:21.194028
checkgaigoi.blogspot.com,AVAILABILITY,origin.list,2023-06-26 11:02:23.253299
checkgai.org,AVAILABILITY,origin.list,2023-06-26 11:02:23.373690
chengyi365.com,AVAILABILITY,origin.list,2023-06-26 11:02:34.876445
chenshiwl.com,AVAILABILITY,origin.list,2023-06-26 11:02:39.471714
chhtred.com,AVAILABILITY,origin.list,2023-06-26 11:02:45.362721
chich.vnzb8.com,AVAILABILITY,origin.list,2023-06-26 11:02:49.188981
chich010.live,AVAILABILITY,origin.list,2023-06-26 11:02:50.322136
chich0100.live,AVAILABILITY,origin.list,2023-06-26 11:02:50.961546
chich0101.live,AVAILABILITY,origin.list,2023-06-26 11:02:53.570240
chich0105.live,AVAILABILITY,origin.list,2023-06-26 11:02:55.936675
chich0102.live,AVAILABILITY,origin.list,2023-06-26 11:02:56.802142
chich0107.live,AVAILABILITY,origin.list,2023-06-26 11:02:57.850959
chich0108.live,AVAILABILITY,origin.list,2023-06-26 11:02:58.401813
chich0104.live,AVAILABILITY,origin.list,2023-06-26 11:02:59.085359
chich0103.live,AVAILABILITY,origin.list,2023-06-26 11:02:59.132323
chich0106.live,AVAILABILITY,origin.list,2023-06-26 11:02:59.444517
chich0112.live,AVAILABILITY,origin.list,2023-06-26 11:03:00.861315
chich0109.live,AVAILABILITY,origin.list,2023-06-26 11:03:01.554500
chich0111.live,AVAILABILITY,origin.list,2023-06-26 11:03:02.439064
chich0110.live,AVAILABILITY,origin.list,2023-06-26 11:03:02.589682
chich011.live,AVAILABILITY,origin.list,2023-06-26 11:03:04.190677
chich0114.live,AVAILABILITY,origin.list,2023-06-26 11:03:05.891127
chich0116.live,AVAILABILITY,origin.list,2023-06-26 11:03:06.777537
chich0115.live,AVAILABILITY,origin.list,2023-06-26 11:03:06.867054
chich0117.live,AVAILABILITY,origin.list,2023-06-26 11:03:07.500561
chich0113.live,AVAILABILITY,origin.list,2023-06-26 11:03:08.185581
chich0120.live,AVAILABILITY,origin.list,2023-06-26 11:03:08.499870
chich0119.live,AVAILABILITY,origin.list,2023-06-26 11:03:09.925393
chich012.live,AVAILABILITY,origin.list,2023-06-26 11:03:10.587166
chich0124.live,AVAILABILITY,origin.list,2023-06-26 11:03:12.661052
chich0121.live,AVAILABILITY,origin.list,2023-06-26 11:03:13.622180
chich0123.live,AVAILABILITY,origin.list,2023-06-26 11:03:14.468497
chich0122.live,AVAILABILITY,origin.list,2023-06-26 11:03:15.073055
chich0127.live,AVAILABILITY,origin.list,2023-06-26 11:03:17.522845
chich0118.live,AVAILABILITY,origin.list,2023-06-26 11:03:17.598650
chich0125.live,AVAILABILITY,origin.list,2023-06-26 11:03:18.106485
chich0128.live,AVAILABILITY,origin.list,2023-06-26 11:03:18.907027
chich0130.live,AVAILABILITY,origin.list,2023-06-26 11:03:19.007350
chich0126.live,AVAILABILITY,origin.list,2023-06-26 11:03:19.041549
chich013.live,AVAILABILITY,origin.list,2023-06-26 11:03:19.352309
chich0133.live,AVAILABILITY,origin.list,2023-06-26 11:03:21.626572
chich0129.live,AVAILABILITY,origin.list,2023-06-26 11:03:22.337858
chich0135.live,AVAILABILITY,origin.list,2023-06-26 11:03:24.486365
chich0134.live,AVAILABILITY,origin.list,2023-06-26 11:03:24.810472
chich0132.live,AVAILABILITY,origin.list,2023-06-26 11:03:26.791635
chich0137.live,AVAILABILITY,origin.list,2023-06-26 11:03:29.716813
chich0136.live,AVAILABILITY,origin.list,2023-06-26 11:03:29.911549
chich0139.live,AVAILABILITY,origin.list,2023-06-26 11:03:31.040921
chich0131.live,AVAILABILITY,origin.list,2023-06-26 11:03:31.093824
chich0138.live,AVAILABILITY,origin.list,2023-06-26 11:03:31.846068
chich014.live,AVAILABILITY,origin.list,2023-06-26 11:03:32.905873
chich0142.live,AVAILABILITY,origin.list,2023-06-26 11:03:33.394651
chich0141.live,AVAILABILITY,origin.list,2023-06-26 11:03:33.864688
chich0140.live,AVAILABILITY,origin.list,2023-06-26 11:03:34.510338
chich0143.live,AVAILABILITY,origin.list,2023-06-26 11:03:35.273375
chich0145.live,AVAILABILITY,origin.list,2023-06-26 11:03:35.975138
chich0144.live,AVAILABILITY,origin.list,2023-06-26 11:03:36.007171
chich0148.live,AVAILABILITY,origin.list,2023-06-26 11:03:36.412956
chich0149.live,AVAILABILITY,origin.list,2023-06-26 11:03:37.115375
chich0146.live,AVAILABILITY,origin.list,2023-06-26 11:03:37.672660
chich0151.live,AVAILABILITY,origin.list,2023-06-26 11:03:38.587775
chich0152.live,AVAILABILITY,origin.list,2023-06-26 11:03:38.745168
chich0147.live,AVAILABILITY,origin.list,2023-06-26 11:03:39.253595
chich0150.live,AVAILABILITY,origin.list,2023-06-26 11:03:40.637553
chich0153.live,AVAILABILITY,origin.list,2023-06-26 11:03:41.592311
chich015.live,AVAILABILITY,origin.list,2023-06-26 11:03:42.137681
chich0154.live,AVAILABILITY,origin.list,2023-06-26 11:03:42.347631
chich0155.live,AVAILABILITY,origin.list,2023-06-26 11:03:42.617687
chich0157.live,AVAILABILITY,origin.list,2023-06-26 11:03:43.214692
chich0158.live,AVAILABILITY,origin.list,2023-06-26 11:03:43.422070
chich0160.live,AVAILABILITY,origin.list,2023-06-26 11:03:44.343280
chich016.live,AVAILABILITY,origin.list,2023-06-26 11:03:45.211346
chich0156.live,AVAILABILITY,origin.list,2023-06-26 11:03:45.272674
chich0161.live,AVAILABILITY,origin.list,2023-06-26 11:03:45.895459
chich0162.live,AVAILABILITY,origin.list,2023-06-26 11:03:46.072756
chich0166.live,AVAILABILITY,origin.list,2023-06-26 11:03:47.075154
chich0163.live,AVAILABILITY,origin.list,2023-06-26 11:03:47.130618
chich0167.live,AVAILABILITY,origin.list,2023-06-26 11:03:47.274981
chich0164.live,AVAILABILITY,origin.list,2023-06-26 11:03:48.079504
chich0168.live,AVAILABILITY,origin.list,2023-06-26 11:03:48.297362
chich0165.live,AVAILABILITY,origin.list,2023-06-26 11:03:48.569916
chich0171.live,AVAILABILITY,origin.list,2023-06-26 11:03:49.757139
chich017.live,AVAILABILITY,origin.list,2023-06-26 11:03:49.950211
chich0169.live,AVAILABILITY,origin.list,2023-06-26 11:03:50.133312
chich0173.live,AVAILABILITY,origin.list,2023-06-26 11:03:50.937353
chich0170.live,AVAILABILITY,origin.list,2023-06-26 11:03:51.405488
chich0174.live,AVAILABILITY,origin.list,2023-06-26 11:03:51.801799
chich0176.live,AVAILABILITY,origin.list,2023-06-26 11:03:52.056649
chich0172.live,AVAILABILITY,origin.list,2023-06-26 11:03:53.575641
chich0177.live,AVAILABILITY,origin.list,2023-06-26 11:03:54.124934
chich018.live,AVAILABILITY,origin.list,2023-06-26 11:03:55.056608
chich0180.live,AVAILABILITY,origin.list,2023-06-26 11:03:55.346837
chich0179.live,AVAILABILITY,origin.list,2023-06-26 11:03:55.691095
chich0175.live,AVAILABILITY,origin.list,2023-06-26 11:03:56.602301
chich0181.live,AVAILABILITY,origin.list,2023-06-26 11:03:57.418323
chich0182.live,AVAILABILITY,origin.list,2023-06-26 11:03:57.967411
chich0185.live,AVAILABILITY,origin.list,2023-06-26 11:03:59.181748
chich0178.live,AVAILABILITY,origin.list,2023-06-26 11:04:00.274299
chich0186.live,AVAILABILITY,origin.list,2023-06-26 11:04:00.780507
chich0183.live,AVAILABILITY,origin.list,2023-06-26 11:04:01.524310
chich0188.live,AVAILABILITY,origin.list,2023-06-26 11:04:01.719987
chich0187.live,AVAILABILITY,origin.list,2023-06-26 11:04:02.107461
chich0184.live,AVAILABILITY,origin.list,2023-06-26 11:04:02.404436
chich019.live,AVAILABILITY,origin.list,2023-06-26 11:04:02.745772
chich0189.live,AVAILABILITY,origin.list,2023-06-26 11:04:03.137484
chich0193.live,AVAILABILITY,origin.list,2023-06-26 11:04:03.755652
chich0190.live,AVAILABILITY,origin.list,2023-06-26 11:04:04.154514
chich0195.live,AVAILABILITY,origin.list,2023-06-26 11:04:04.750033
chich0194.live,AVAILABILITY,origin.list,2023-06-26 11:04:05.374833
chich0192.live,AVAILABILITY,origin.list,2023-06-26 11:04:06.503782
chich0198.live,AVAILABILITY,origin.list,2023-06-26 11:04:06.748486
chich0191.live,AVAILABILITY,origin.list,2023-06-26 11:04:07.372040
chich0199.live,AVAILABILITY,origin.list,2023-06-26 11:04:07.699568
chich02.live,AVAILABILITY,origin.list,2023-06-26 11:04:07.790523
chich0197.live,AVAILABILITY,origin.list,2023-06-26 11:04:08.511884
chich0201.live,AVAILABILITY,origin.list,2023-06-26 11:04:08.758688
chich0200.live,AVAILABILITY,origin.list,2023-06-26 11:04:08.795842
chich0203.live,AVAILABILITY,origin.list,2023-06-26 11:04:09.734971
chich0202.live,AVAILABILITY,origin.list,2023-06-26 11:04:09.868825
chich020.live,AVAILABILITY,origin.list,2023-06-26 11:04:10.098101
chich0205.live,AVAILABILITY,origin.list,2023-06-26 11:04:10.728382
chich0206.live,AVAILABILITY,origin.list,2023-06-26 11:04:10.766892
chich0196.live,AVAILABILITY,origin.list,2023-06-26 11:04:11.130077
chich0207.live,AVAILABILITY,origin.list,2023-06-26 11:04:11.506189
chich021.live,AVAILABILITY,origin.list,2023-06-26 11:04:16.366871
chich0209.live,AVAILABILITY,origin.list,2023-06-26 11:04:17.412742
chich0211.live,AVAILABILITY,origin.list,2023-06-26 11:04:18.466069
chich0210.live,AVAILABILITY,origin.list,2023-06-26 11:04:19.284490
chich0213.live,AVAILABILITY,origin.list,2023-06-26 11:04:19.484946
chich0204.live,AVAILABILITY,origin.list,2023-06-26 11:04:19.771918
chich0208.live,AVAILABILITY,origin.list,2023-06-26 11:04:19.865950
chich0212.live,AVAILABILITY,origin.list,2023-06-26 11:04:19.940199
chich0215.live,AVAILABILITY,origin.list,2023-06-26 11:04:20.349323
chich0214.live,AVAILABILITY,origin.list,2023-06-26 11:04:20.569346
chich0217.live,AVAILABILITY,origin.list,2023-06-26 11:04:21.013801
chich022.live,AVAILABILITY,origin.list,2023-06-26 11:04:21.554631
chich0216.live,AVAILABILITY,origin.list,2023-06-26 11:04:22.801491
chich0219.live,AVAILABILITY,origin.list,2023-06-26 11:04:22.804919
chich0220.live,AVAILABILITY,origin.list,2023-06-26 11:04:23.910399
chich0223.live,AVAILABILITY,origin.list,2023-06-26 11:04:24.032084
chich0222.live,AVAILABILITY,origin.list,2023-06-26 11:04:24.159941
chich0218.live,AVAILABILITY,origin.list,2023-06-26 11:04:24.385642
chich0224.live,AVAILABILITY,origin.list,2023-06-26 11:04:25.053550
chich0225.live,AVAILABILITY,origin.list,2023-06-26 11:04:25.167452
chich0226.live,AVAILABILITY,origin.list,2023-06-26 11:04:25.314180
chich0227.live,AVAILABILITY,origin.list,2023-06-26 11:04:25.484381
chich0221.live,AVAILABILITY,origin.list,2023-06-26 11:04:25.825261
chich0229.live,AVAILABILITY,origin.list,2023-06-26 11:04:26.172117
chich023.live,AVAILABILITY,origin.list,2023-06-26 11:04:26.346319
chich0228.live,AVAILABILITY,origin.list,2023-06-26 11:04:26.585518
chich0231.live,AVAILABILITY,origin.list,2023-06-26 11:04:26.874437
chich0232.live,AVAILABILITY,origin.list,2023-06-26 11:04:27.241559
chich0233.live,AVAILABILITY,origin.list,2023-06-26 11:04:27.473134
chich0235.live,AVAILABILITY,origin.list,2023-06-26 11:04:28.100110
chich0230.live,AVAILABILITY,origin.list,2023-06-26 11:04:28.195061
chich0238.live,AVAILABILITY,origin.list,2023-06-26 11:04:29.162647
chich0239.live,AVAILABILITY,origin.list,2023-06-26 11:04:29.163392
chich0234.live,AVAILABILITY,origin.list,2023-06-26 11:04:29.321904
chich024.live,AVAILABILITY,origin.list,2023-06-26 11:04:30.296630
chich0242.live,AVAILABILITY,origin.list,2023-06-26 11:04:31.380619
chich0237.live,AVAILABILITY,origin.list,2023-06-26 11:04:31.499937
chich0240.live,AVAILABILITY,origin.list,2023-06-26 11:04:32.032704
chich0244.live,AVAILABILITY,origin.list,2023-06-26 11:04:32.456616
chich0243.live,AVAILABILITY,origin.list,2023-06-26 11:04:32.472318
chich0236.live,AVAILABILITY,origin.list,2023-06-26 11:04:32.734338
chich0246.live,AVAILABILITY,origin.list,2023-06-26 11:04:33.500076
chich0241.live,AVAILABILITY,origin.list,2023-06-26 11:04:33.600965
chich0247.live,AVAILABILITY,origin.list,2023-06-26 11:04:33.610798
chich0249.live,AVAILABILITY,origin.list,2023-06-26 11:04:34.597577
chich025.live,AVAILABILITY,origin.list,2023-06-26 11:04:34.859066
chich0250.live,AVAILABILITY,origin.list,2023-06-26 11:04:41.341551
chich0248.live,AVAILABILITY,origin.list,2023-06-26 11:04:45.536884
chich0245.live,AVAILABILITY,origin.list,2023-06-26 11:04:56.209645
chich0251.live,AVAILABILITY,origin.list,2023-06-26 11:05:15.647524
chich0252.live,AVAILABILITY,origin.list,2023-06-26 11:05:24.821978
chich0254.live,AVAILABILITY,origin.list,2023-06-26 11:05:27.031359
chich0255.live,AVAILABILITY,origin.list,2023-06-26 11:05:27.041021
chich0253.live,AVAILABILITY,origin.list,2023-06-26 11:05:27.057225
chich0257.live,AVAILABILITY,origin.list,2023-06-26 11:05:27.292044
chich0256.live,AVAILABILITY,origin.list,2023-06-26 11:05:27.362255
chich0259.live,AVAILABILITY,origin.list,2023-06-26 11:05:28.668043
chich0258.live,AVAILABILITY,origin.list,2023-06-26 11:05:29.353868
chich026.live,AVAILABILITY,origin.list,2023-06-26 11:05:30.136459
chich0260.live,AVAILABILITY,origin.list,2023-06-26 11:05:30.346236
chich0261.live,AVAILABILITY,origin.list,2023-06-26 11:05:31.275090
chich0264.live,AVAILABILITY,origin.list,2023-06-26 11:05:31.286168
chich0262.live,AVAILABILITY,origin.list,2023-06-26 11:05:31.583938
chich0265.live,AVAILABILITY,origin.list,2023-06-26 11:05:33.206404
chich0267.live,AVAILABILITY,origin.list,2023-06-26 11:05:33.386464
chich0268.live,AVAILABILITY,origin.list,2023-06-26 11:05:33.433128
chich0269.live,AVAILABILITY,origin.list,2023-06-26 11:05:35.742110
chich0266.live,AVAILABILITY,origin.list,2023-06-26 11:05:37.773301
chich027.live,AVAILABILITY,origin.list,2023-06-26 11:05:39.932689
chich0263.live,AVAILABILITY,origin.list,2023-06-26 11:05:39.934735
chich0270.live,AVAILABILITY,origin.list,2023-06-26 11:05:40.166763
chich0272.live,AVAILABILITY,origin.list,2023-06-26 11:05:45.179589
chich0273.live,AVAILABILITY,origin.list,2023-06-26 11:05:45.190971
chich0271.live,AVAILABILITY,origin.list,2023-06-26 11:05:45.199078
chich0274.live,AVAILABILITY,origin.list,2023-06-26 11:05:45.399418
chich0275.live,AVAILABILITY,origin.list,2023-06-26 11:05:47.368230
chich028.live,AVAILABILITY,origin.list,2023-06-26 11:05:50.724456
chich0278.live,AVAILABILITY,origin.list,2023-06-26 11:05:51.800264
chich0276.live,AVAILABILITY,origin.list,2023-06-26 11:05:51.933339
chich0277.live,AVAILABILITY,origin.list,2023-06-26 11:05:52.895783
chich0279.live,AVAILABILITY,origin.list,2023-06-26 11:05:54.001878
chich0283.live,AVAILABILITY,origin.list,2023-06-26 11:05:56.143733
chich0280.live,AVAILABILITY,origin.list,2023-06-26 11:05:56.169770
chich0281.live,AVAILABILITY,origin.list,2023-06-26 11:05:56.249078
chich0282.live,AVAILABILITY,origin.list,2023-06-26 11:05:56.284571
chich0284.live,AVAILABILITY,origin.list,2023-06-26 11:05:56.293548
chich0286.live,AVAILABILITY,origin.list,2023-06-26 11:05:57.961121
chich0289.live,AVAILABILITY,origin.list,2023-06-26 11:05:58.157047
chich0285.live,AVAILABILITY,origin.list,2023-06-26 11:05:59.440523
chich0287.live,AVAILABILITY,origin.list,2023-06-26 11:06:02.754811
chich0288.live,AVAILABILITY,origin.list,2023-06-26 11:06:02.797024
chich0291.live,AVAILABILITY,origin.list,2023-06-26 11:06:03.020719
chich029.live,AVAILABILITY,origin.list,2023-06-26 11:06:04.861357
chich0290.live,AVAILABILITY,origin.list,2023-06-26 11:06:04.869214
chich0292.live,AVAILABILITY,origin.list,2023-06-26 11:06:07.048152
chich0296.live,AVAILABILITY,origin.list,2023-06-26 11:06:09.107845
chich0293.live,AVAILABILITY,origin.list,2023-06-26 11:06:11.349112
chich0295.live,AVAILABILITY,origin.list,2023-06-26 11:06:11.366756
chich0294.live,AVAILABILITY,origin.list,2023-06-26 11:06:11.383643
chich0297.live,AVAILABILITY,origin.list,2023-06-26 11:06:13.593106
chich0298.live,AVAILABILITY,origin.list,2023-06-26 11:06:13.811021
chich0299.live,AVAILABILITY,origin.list,2023-06-26 11:06:16.850151
chich0303.live,AVAILABILITY,origin.list,2023-06-26 11:06:17.670936
chich0300.live,AVAILABILITY,origin.list,2023-06-26 11:06:19.011900
chich030.live,AVAILABILITY,origin.list,2023-06-26 11:06:20.026170
chich0301.live,AVAILABILITY,origin.list,2023-06-26 11:06:20.033072
chich0305.live,AVAILABILITY,origin.list,2023-06-26 11:06:20.083617
chich0304.live,AVAILABILITY,origin.list,2023-06-26 11:06:20.152045
chich0302.live,AVAILABILITY,origin.list,2023-06-26 11:06:20.300229
chich0306.live,AVAILABILITY,origin.list,2023-06-26 11:06:21.539315
chich0309.live,AVAILABILITY,origin.list,2023-06-26 11:06:21.637910
chich0308.live,AVAILABILITY,origin.list,2023-06-26 11:06:21.676242
chich0307.live,AVAILABILITY,origin.list,2023-06-26 11:06:23.106270
chich0310.live,AVAILABILITY,origin.list,2023-06-26 11:06:24.132893
chich031.live,AVAILABILITY,origin.list,2023-06-26 11:06:24.230957
chich0311.live,AVAILABILITY,origin.list,2023-06-26 11:06:24.303114
chich0314.live,AVAILABILITY,origin.list,2023-06-26 11:06:26.477928
chich0315.live,AVAILABILITY,origin.list,2023-06-26 11:06:26.598706
chich0316.live,AVAILABILITY,origin.list,2023-06-26 11:06:26.812803
chich0313.live,AVAILABILITY,origin.list,2023-06-26 11:06:27.082080
chich0317.live,AVAILABILITY,origin.list,2023-06-26 11:06:27.406794
chich0312.live,AVAILABILITY,origin.list,2023-06-26 11:06:27.670475
chich0318.live,AVAILABILITY,origin.list,2023-06-26 11:06:29.689869
chich0320.live,AVAILABILITY,origin.list,2023-06-26 11:06:30.883367
chich0319.live,AVAILABILITY,origin.list,2023-06-26 11:06:31.141399
chich0322.live,AVAILABILITY,origin.list,2023-06-26 11:06:33.033631
chich0321.live,AVAILABILITY,origin.list,2023-06-26 11:06:35.265510
chich032.live,AVAILABILITY,origin.list,2023-06-26 11:06:35.286262
chich0324.live,AVAILABILITY,origin.list,2023-06-26 11:06:38.595773
chich0325.live,AVAILABILITY,origin.list,2023-06-26 11:06:40.721643
chich0323.live,AVAILABILITY,origin.list,2023-06-26 11:06:42.837517
chich0328.live,AVAILABILITY,origin.list,2023-06-26 11:06:43.960282
chich0326.live,AVAILABILITY,origin.list,2023-06-26 11:06:44.957618
chich0327.live,AVAILABILITY,origin.list,2023-06-26 11:06:44.968438
chich0329.live,AVAILABILITY,origin.list,2023-06-26 11:06:44.973805
chich0330.live,AVAILABILITY,origin.list,2023-06-26 11:06:46.088197
chich0334.live,AVAILABILITY,origin.list,2023-06-26 11:06:47.108383
chich033.live,AVAILABILITY,origin.list,2023-06-26 11:06:47.189498
chich0333.live,AVAILABILITY,origin.list,2023-06-26 11:06:48.499126
chich0335.live,AVAILABILITY,origin.list,2023-06-26 11:06:50.360728
chich0338.live,AVAILABILITY,origin.list,2023-06-26 11:06:51.372041
chich0336.live,AVAILABILITY,origin.list,2023-06-26 11:06:53.631871
chich0332.live,AVAILABILITY,origin.list,2023-06-26 11:06:53.647926
chich0331.live,AVAILABILITY,origin.list,2023-06-26 11:06:53.665301
chich0337.live,AVAILABILITY,origin.list,2023-06-26 11:06:55.876718
chich0342.live,AVAILABILITY,origin.list,2023-06-26 11:06:56.924228
chich0339.live,AVAILABILITY,origin.list,2023-06-26 11:06:58.137885
chich0341.live,AVAILABILITY,origin.list,2023-06-26 11:06:59.272892
chich0343.live,AVAILABILITY,origin.list,2023-06-26 11:07:00.333158
chich0340.live,AVAILABILITY,origin.list,2023-06-26 11:07:01.427403
chich034.live,AVAILABILITY,origin.list,2023-06-26 11:07:01.427350
chich0344.live,AVAILABILITY,origin.list,2023-06-26 11:07:02.544703
chich0346.live,AVAILABILITY,origin.list,2023-06-26 11:07:05.892602
chich0347.live,AVAILABILITY,origin.list,2023-06-26 11:07:06.009880
chich0345.live,AVAILABILITY,origin.list,2023-06-26 11:07:06.640484
chich0349.live,AVAILABILITY,origin.list,2023-06-26 11:07:06.973291
chich0348.live,AVAILABILITY,origin.list,2023-06-26 11:07:09.214040
chich036.live,AVAILABILITY,origin.list,2023-06-26 11:07:11.266260
chich0350.live,AVAILABILITY,origin.list,2023-06-26 11:07:11.330403
chich035.live,AVAILABILITY,origin.list,2023-06-26 11:07:11.363334
chich037.live,AVAILABILITY,origin.list,2023-06-26 11:07:16.107961
chich038.live,AVAILABILITY,origin.list,2023-06-26 11:07:18.359517
chich039.live,AVAILABILITY,origin.list,2023-06-26 11:07:20.131198
chich04.live,AVAILABILITY,origin.list,2023-06-26 11:07:23.955451
chich040.live,AVAILABILITY,origin.list,2023-06-26 11:07:23.985915
chich041.live,AVAILABILITY,origin.list,2023-06-26 11:07:24.744312
chich042.live,AVAILABILITY,origin.list,2023-06-26 11:07:25.251276
chich046.live,AVAILABILITY,origin.list,2023-06-26 11:07:30.812580
chich045.live,AVAILABILITY,origin.list,2023-06-26 11:07:31.867254
chich047.live,AVAILABILITY,origin.list,2023-06-26 11:07:31.873494
chich043.live,AVAILABILITY,origin.list,2023-06-26 11:07:33.955875
chich044.live,AVAILABILITY,origin.list,2023-06-26 11:07:33.987468
chich048.live,AVAILABILITY,origin.list,2023-06-26 11:07:34.007041
chich052.live,AVAILABILITY,origin.list,2023-06-26 11:07:37.189878
chich05.live,AVAILABILITY,origin.list,2023-06-26 11:07:37.207244
chich049.live,AVAILABILITY,origin.list,2023-06-26 11:07:39.370055
chich050.live,AVAILABILITY,origin.list,2023-06-26 11:07:40.449881
chich053.live,AVAILABILITY,origin.list,2023-06-26 11:07:40.468712
chich051.live,AVAILABILITY,origin.list,2023-06-26 11:07:41.544484
chich058.live,AVAILABILITY,origin.list,2023-06-26 11:07:42.453757
chich054.live,AVAILABILITY,origin.list,2023-06-26 11:07:42.810245
chich055.live,AVAILABILITY,origin.list,2023-06-26 11:07:43.787528
chich059.live,AVAILABILITY,origin.list,2023-06-26 11:07:45.979552
chich06.live,AVAILABILITY,origin.list,2023-06-26 11:07:46.069006
chich057.live,AVAILABILITY,origin.list,2023-06-26 11:07:46.151183
chich056.live,AVAILABILITY,origin.list,2023-06-26 11:07:46.191344
chich060.live,AVAILABILITY,origin.list,2023-06-26 11:07:46.204860
chich061.live,AVAILABILITY,origin.list,2023-06-26 11:07:49.171018
chich062.live,AVAILABILITY,origin.list,2023-06-26 11:07:51.381748
chich065.live,AVAILABILITY,origin.list,2023-06-26 11:07:51.827398
chich066.live,AVAILABILITY,origin.list,2023-06-26 11:07:52.495254
chich063.live,AVAILABILITY,origin.list,2023-06-26 11:07:54.710806
chich064.live,AVAILABILITY,origin.list,2023-06-26 11:07:54.747048
chich069.live,AVAILABILITY,origin.list,2023-06-26 11:07:54.750792
chich068.live,AVAILABILITY,origin.list,2023-06-26 11:07:54.864416
chich067.live,AVAILABILITY,origin.list,2023-06-26 11:07:55.920429
chich070.live,AVAILABILITY,origin.list,2023-06-26 11:07:57.888542
chich07.live,AVAILABILITY,origin.list,2023-06-26 11:07:58.004014
chich071.live,AVAILABILITY,origin.list,2023-06-26 11:07:58.043926
chich072.live,AVAILABILITY,origin.list,2023-06-26 11:07:58.054809
chich073.live,AVAILABILITY,origin.list,2023-06-26 11:07:58.175013
chich074.live,AVAILABILITY,origin.list,2023-06-26 11:08:01.141879
chich075.live,AVAILABILITY,origin.list,2023-06-26 11:08:01.320046
chich076.live,AVAILABILITY,origin.list,2023-06-26 11:08:03.340812
chich080.live,AVAILABILITY,origin.list,2023-06-26 11:08:04.401443
chich078.live,AVAILABILITY,origin.list,2023-06-26 11:08:04.461666
chich077.live,AVAILABILITY,origin.list,2023-06-26 11:08:04.464842
chich079.live,AVAILABILITY,origin.list,2023-06-26 11:08:04.664812
chich08.live,AVAILABILITY,origin.list,2023-06-26 11:08:04.763992
chich081.live,AVAILABILITY,origin.list,2023-06-26 11:08:07.850314
chich083.live,AVAILABILITY,origin.list,2023-06-26 11:08:08.737670
chich086.live,AVAILABILITY,origin.list,2023-06-26 11:08:10.947263
chich084.live,AVAILABILITY,origin.list,2023-06-26 11:08:10.958223
chich082.live,AVAILABILITY,origin.list,2023-06-26 11:08:10.972914
chich085.live,AVAILABILITY,origin.list,2023-06-26 11:08:14.272975
chich087.live,AVAILABILITY,origin.list,2023-06-26 11:08:14.294419
chich088.live,AVAILABILITY,origin.list,2023-06-26 11:08:14.376798
chich089.live,AVAILABILITY,origin.list,2023-06-26 11:08:15.281163
chich090.live,AVAILABILITY,origin.list,2023-06-26 11:08:15.531237
chich092.live,AVAILABILITY,origin.list,2023-06-26 11:08:17.437042
chich09.live,AVAILABILITY,origin.list,2023-06-26 11:08:19.582828
chich095.live,AVAILABILITY,origin.list,2023-06-26 11:08:19.624735
chich091.live,AVAILABILITY,origin.list,2023-06-26 11:08:21.386161
chich094.live,AVAILABILITY,origin.list,2023-06-26 11:08:21.649480
chich097.live,AVAILABILITY,origin.list,2023-06-26 11:08:23.880905
chich096.live,AVAILABILITY,origin.list,2023-06-26 11:08:23.888036
chich093.live,AVAILABILITY,origin.list,2023-06-26 11:08:25.038376
chich098.live,AVAILABILITY,origin.list,2023-06-26 11:08:27.111097
chich099.live,AVAILABILITY,origin.list,2023-06-26 11:08:27.153510
chichlive.app,AVAILABILITY,origin.list,2023-06-26 11:08:30.483350
chichlive.fun,AVAILABILITY,origin.list,2023-06-26 11:08:31.219733
chichlive.world,AVAILABILITY,origin.list,2023-06-26 11:08:36.899982
child08.com,AVAILABILITY,origin.list,2023-06-26 11:08:41.896812
chillipantry.com,AVAILABILITY,origin.list,2023-06-26 11:08:43.197959
china-dazhang.com,AVAILABILITY,origin.list,2023-06-26 11:08:46.341805
chinaextruder.net,AVAILABILITY,origin.list,2023-06-26 11:09:00.765199
chinakema.com,AVAILABILITY,origin.list,2023-06-26 11:21:22.235526
chinawantai.com,AVAILABILITY,origin.list,2023-06-26 11:21:36.326828
chmcnnrruiop.xyz,AVAILABILITY,origin.list,2023-06-26 11:22:00.616071
chouni123.com,AVAILABILITY,origin.list,2023-06-26 11:22:14.442173
chpublicidad.com,AVAILABILITY,origin.list,2023-06-26 11:22:15.046172
chuangruiwj.com,AVAILABILITY,origin.list,2023-06-26 11:22:23.094938
chunlou88.com,AVAILABILITY,origin.list,2023-06-26 11:22:57.579321
clipnong.pro,AVAILABILITY,origin.list,2023-06-26 11:23:48.339699
clipsex3x.com,AVAILABILITY,origin.list,2023-06-26 11:24:01.817732
clipsexvn.xyz,AVAILABILITY,origin.list,2023-06-26 11:24:11.342589
clipsexx.com,AVAILABILITY,origin.list,2023-06-26 11:24:12.292756
clr520.com,AVAILABILITY,origin.list,2023-06-26 11:24:21.905746
cn-seaweed.com,AVAILABILITY,origin.list,2023-06-26 11:24:43.821553
cnananda.com,AVAILABILITY,origin.list,2023-06-26 11:24:51.732606
cnaodu.com,AVAILABILITY,origin.list,2023-06-26 11:24:52.191645
cnbaifa.com,AVAILABILITY,origin.list,2023-06-26 11:24:52.385493
cnhdn.com,AVAILABILITY,origin.list,2023-06-26 11:25:09.543033
cniio.com,AVAILABILITY,origin.list,2023-06-26 11:25:12.175519
cnpeal.com,AVAILABILITY,origin.list,2023-06-26 11:25:21.401142
cnqueer.com,AVAILABILITY,origin.list,2023-06-26 11:25:22.910480
cnsilkgarden.com,AVAILABILITY,origin.list,2023-06-26 11:25:27.115980
cnsoci.com,AVAILABILITY,origin.list,2023-06-26 11:25:28.389339
cnwestz.com,AVAILABILITY,origin.list,2023-06-26 11:25:32.375488
cocoindian.com,AVAILABILITY,origin.list,2023-06-26 11:25:49.052141
comedystorelajolla.com,AVAILABILITY,origin.list,2023-06-26 11:25:58.424053
conquenses.com,AVAILABILITY,origin.list,2023-06-26 11:26:04.897341
consumerbowl.com,AVAILABILITY,origin.list,2023-06-26 11:26:08.227160
cos89.com,AVAILABILITY,origin.list,2023-06-26 11:26:15.704007
cp6700.com,AVAILABILITY,origin.list,2023-06-26 11:26:19.123709
cp6704.com,AVAILABILITY,origin.list,2023-06-26 11:26:19.833694
crimsonfool.com,AVAILABILITY,origin.list,2023-06-26 11:27:15.454610
cs8812580.com,AVAILABILITY,origin.list,2023-06-26 11:27:22.006761
cscec-zs-bj.com,AVAILABILITY,origin.list,2023-06-26 11:27:25.828665
csprey.com,AVAILABILITY,origin.list,2023-06-26 11:27:35.235951
cszx021.com,AVAILABILITY,origin.list,2023-06-26 11:27:41.252162
ctsgzw.cn,AVAILABILITY,origin.list,2023-06-26 11:27:46.401626
cucre123.com,AVAILABILITY,origin.list,2023-06-26 11:27:54.140968
cumshotfiesta.info,AVAILABILITY,origin.list,2023-06-26 11:27:59.425374
cuscospa.com,AVAILABILITY,origin.list,2023-06-26 11:28:02.503479
cv-ph.rdtcdn.com,AVAILABILITY,origin.list,2023-06-26 11:28:09.571215
cxxcjjllxcvb.xyz,AVAILABILITY,origin.list,2023-06-26 11:28:20.735338
cydada.com,AVAILABILITY,origin.list,2023-06-26 11:28:27.480953
cz51home.com,AVAILABILITY,origin.list,2023-06-26 11:28:37.617458
czj360.net,AVAILABILITY,origin.list,2023-06-26 11:28:46.961684
czlydm.com,AVAILABILITY,origin.list,2023-06-26 11:28:49.130319
czxingye.com,AVAILABILITY,origin.list,2023-06-26 11:28:57.129470
czyueyang.com,AVAILABILITY,origin.list,2023-06-26 11:29:02.371998
d-hooker.com,AVAILABILITY,origin.list,2023-06-26 11:29:04.965385
d1021.com,AVAILABILITY,origin.list,2023-06-26 11:29:07.687637
d444.live,AVAILABILITY,origin.list,2023-06-26 11:29:14.771787
d52dzzllvbnm.xyz,AVAILABILITY,origin.list,2023-06-26 11:29:19.584645
d99dzzllvbnm.xyz,AVAILABILITY,origin.list,2023-06-26 11:29:25.606542
dadahq.com,AVAILABILITY,origin.list,2023-06-26 11:29:38.005391
daimetys.com,AVAILABILITY,origin.list,2023-06-26 11:45:33.619361
danljubezni.com,AVAILABILITY,origin.list,2023-06-26 11:46:00.278799
danskepornobabes.dk,AVAILABILITY,origin.list,2023-06-26 11:46:04.901492
dapeishiapp.com,AVAILABILITY,origin.list,2023-06-26 11:46:05.335369
dawqines.com,AVAILABILITY,origin.list,2023-06-26 11:46:20.219559
daylightankara.com,AVAILABILITY,origin.list,2023-06-26 11:46:23.666872
dblackpornphoto.com,AVAILABILITY,origin.list,2023-06-26 11:46:29.527448
dbsfbzw.com,AVAILABILITY,origin.list,2023-06-26 11:46:31.546763
ddalddale.com,AVAILABILITY,origin.list,2023-06-26 11:46:44.885211
ddd428.com,AVAILABILITY,origin.list,2023-06-26 11:46:45.897638
deerfieldbay.com,AVAILABILITY,origin.list,2023-06-26 11:47:51.318495
def-con-5.com,AVAILABILITY,origin.list,2023-06-26 11:47:51.379621
delmonstar.com,AVAILABILITY,origin.list,2023-06-26 11:48:00.668771
derb-paint.com,AVAILABILITY,origin.list,2023-06-26 11:48:06.800919
detectivecollege.com,AVAILABILITY,origin.list,2023-06-26 11:48:18.694630
detoursdansleau.com,AVAILABILITY,origin.list,2023-06-26 11:48:20.447541
dezignmobile.com,AVAILABILITY,origin.list,2023-06-26 11:48:25.425874
dfd-394dfjdlfmewwofimldfsdfdd.com,AVAILABILITY,origin.list,2023-06-26 11:48:27.754631
dfltoys.com,AVAILABILITY,origin.list,2023-06-26 11:48:31.022941
dfzxszx.com,AVAILABILITY,origin.list,2023-06-26 11:48:37.535364
dgajxc.com,AVAILABILITY,origin.list,2023-06-26 11:48:39.055813
dgbmd.com,AVAILABILITY,origin.list,2023-06-26 11:48:40.142956
dgfx88.com,AVAILABILITY,origin.list,2023-06-26 11:48:44.148889
dgmrj.com,AVAILABILITY,origin.list,2023-06-26 11:48:59.662174
dgpmc.com,AVAILABILITY,origin.list,2023-06-26 11:49:01.221715
diannaoshadu.com,AVAILABILITY,origin.list,2023-06-26 11:49:33.022542
dikasoftindo.com,AVAILABILITY,origin.list,2023-06-26 11:49:44.423825
disheer.com,AVAILABILITY,origin.list,2023-06-26 11:49:59.526139
ditcucmanh.xyz,AVAILABILITY,origin.list,2023-06-26 11:50:02.227377
ditphim.com,AVAILABILITY,origin.list,2023-06-26 12:05:04.453642
djangotime.com,AVAILABILITY,origin.list,2023-06-26 12:05:10.577379
djgcdkkuuasdf.xyz,AVAILABILITY,origin.list,2023-06-26 12:05:15.001891
djwuwenhua.com,AVAILABILITY,origin.list,2023-06-26 12:05:16.603117
djv88.com,AVAILABILITY,origin.list,2023-06-26 12:05:17.934498
dltianchi.com,AVAILABILITY,origin.list,2023-06-26 12:05:39.981508
dlyibiao.com,AVAILABILITY,origin.list,2023-06-26 12:05:42.787727
dmzxmr.com,AVAILABILITY,origin.list,2023-06-26 12:06:41.068157
dncnew.com,AVAILABILITY,origin.list,2023-06-26 12:06:42.017364
do10000.com,AVAILABILITY,origin.list,2023-06-26 12:06:46.020200
doctruyen.biz,AVAILABILITY,origin.list,2023-06-26 12:06:47.643792
dododalian.com,AVAILABILITY,origin.list,2023-06-26 12:06:50.012085
dolphin92.com,AVAILABILITY,origin.list,2023-06-26 12:06:53.320786
dongguansauna.com,AVAILABILITY,origin.list,2023-06-26 12:06:58.025360
dongrongpet.com,AVAILABILITY,origin.list,2023-06-26 12:07:02.009292
dottiehall.com,AVAILABILITY,origin.list,2023-06-26 12:07:16.597779
dpornomovie.pro,AVAILABILITY,origin.list,2023-06-26 12:07:29.270807
dreamsass.com,AVAILABILITY,origin.list,2023-06-26 12:07:42.580807
drexite.com,AVAILABILITY,origin.list,2023-06-26 12:07:43.358973
drillfisting.com,AVAILABILITY,origin.list,2023-06-26 12:07:44.089872
drkwebnet.com,AVAILABILITY,origin.list,2023-06-26 12:07:46.318945
dsex-free.org,AVAILABILITY,origin.list,2023-06-26 12:07:52.376741
dswoodier.com,AVAILABILITY,origin.list,2023-06-26 12:07:56.207239
dteenpics.pro,AVAILABILITY,origin.list,2023-06-26 12:07:58.479984
dthm-sz.com,AVAILABILITY,origin.list,2023-06-26 12:07:59.544703
duogufang.com,AVAILABILITY,origin.list,2023-06-26 12:08:16.684694
dxhinvest.com,AVAILABILITY,origin.list,2023-06-26 12:08:28.273166
dxsqgjlw.com,AVAILABILITY,origin.list,2023-06-26 12:08:38.949060
dz318.com,AVAILABILITY,origin.list,2023-06-26 12:09:47.736075
dzlmgm.com,AVAILABILITY,origin.list,2023-06-26 12:09:52.601380
e-happynet.com,AVAILABILITY,origin.list,2023-06-26 12:10:01.724624
e-welan.com,AVAILABILITY,origin.list,2023-06-26 12:10:03.664779
e2hom.com,AVAILABILITY,origin.list,2023-06-26 12:10:24.465382
earthwaxandfire.com,AVAILABILITY,origin.list,2023-06-26 12:27:44.162295
echuen.com,AVAILABILITY,origin.list,2023-06-26 12:28:08.116191
eckocode.com,AVAILABILITY,origin.list,2023-06-26 12:28:08.336441
econergytour.com,AVAILABILITY,origin.list,2023-06-26 12:28:09.281062
ecospe.com,AVAILABILITY,origin.list,2023-06-26 12:28:09.979061
edatsoft.com,AVAILABILITY,origin.list,2023-06-26 12:28:11.354279
efmqcvc.cn,AVAILABILITY,origin.list,2023-06-26 12:28:28.274526
ehumer.com,AVAILABILITY,origin.list,2023-06-26 12:28:34.694846
ejiarenmall.com,AVAILABILITY,origin.list,2023-06-26 12:28:39.373018
ellymariyana.com,AVAILABILITY,origin.list,2023-06-26 12:28:47.336283
elspotweb.com,AVAILABILITY,origin.list,2023-06-26 12:28:48.167774
elsww.com,AVAILABILITY,origin.list,2023-06-26 12:28:48.335027
email-box.xyz,AVAILABILITY,origin.list,2023-06-26 12:28:50.401915
emilygorin.com,AVAILABILITY,origin.list,2023-06-26 12:28:52.791432
emilymag.com,AVAILABILITY,origin.list,2023-06-26 12:28:52.947348
en-lian.com,AVAILABILITY,origin.list,2023-06-26 12:28:58.630230
energyporn.com,AVAILABILITY,origin.list,2023-06-26 12:29:01.798414
entrefou.com,AVAILABILITY,origin.list,2023-06-26 12:29:10.215916
ernapolak.com,AVAILABILITY,origin.list,2023-06-26 12:29:23.757007
eryoko.com,AVAILABILITY,origin.list,2023-06-26 12:29:45.364751
esyhyy.com,AVAILABILITY,origin.list,2023-06-26 12:31:06.327030
eurodateclub.com,AVAILABILITY,origin.list,2023-06-26 12:31:15.161651
eurokamagra.com,AVAILABILITY,origin.list,2023-06-26 12:31:15.437222
ever-do.com,AVAILABILITY,origin.list,2023-06-26 12:31:18.959543
evo-gamers.com,AVAILABILITY,origin.list,2023-06-26 12:31:22.099604
ewheaton.com,AVAILABILITY,origin.list,2023-06-26 12:31:22.500531
exgirlfriendsvids.com,AVAILABILITY,origin.list,2023-06-26 12:31:27.191841
exitfourb.com,AVAILABILITY,origin.list,2023-06-26 12:31:28.641784
eycho.com,AVAILABILITY,origin.list,2023-06-26 12:51:49.301531
ezeigbo.com,AVAILABILITY,origin.list,2023-06-26 12:51:52.839240
f444.live,AVAILABILITY,origin.list,2023-06-26 12:52:00.644010
f99frrzzghjk.xyz,AVAILABILITY,origin.list,2023-06-26 13:09:55.007025
faballoon.com,AVAILABILITY,origin.list,2023-06-26 13:09:57.485957
fairgu.com,AVAILABILITY,origin.list,2023-06-26 13:10:06.072993
fahritekstil.com,AVAILABILITY,origin.list,2023-06-26 13:10:09.955455
fanggujianzw.com,AVAILABILITY,origin.list,2023-06-26 13:10:14.959392
fapviet.com,AVAILABILITY,origin.list,2023-06-26 13:10:31.331192
fbbgoddesses.com,AVAILABILITY,origin.list,2023-06-26 13:10:44.022002
fctanz.cn,AVAILABILITY,origin.list,2023-06-26 13:10:51.700940
federicotisi.com,AVAILABILITY,origin.list,2023-06-26 13:10:56.559285
fei265.com,AVAILABILITY,origin.list,2023-06-26 13:11:05.407327
femeigoale.one,AVAILABILITY,origin.list,2023-06-26 13:11:19.871231
fengjieds.com,AVAILABILITY,origin.list,2023-06-26 13:11:22.188618
fezguia.com,AVAILABILITY,origin.list,2023-06-26 13:11:30.943054
ffklooij-osehsbsjvgsvhfhb.com,AVAILABILITY,origin.list,2023-06-26 13:11:33.134418
fifteenideas.com,AVAILABILITY,origin.list,2023-06-26 13:11:51.298532
filmesporno.cyou,AVAILABILITY,origin.list,2023-06-26 13:12:01.059782
filmovi.top,AVAILABILITY,origin.list,2023-06-26 13:12:05.362380
filthteens.com,AVAILABILITY,origin.list,2023-06-26 13:12:10.217240
fjgcfjjnnerty.xyz,AVAILABILITY,origin.list,2023-06-26 13:12:27.047579
fjgcfrrzzghjk.xyz,AVAILABILITY,origin.list,2023-06-26 13:12:27.616220
fkexchangeb.net,AVAILABILITY,origin.list,2023-06-26 13:12:44.676252
fkexchangeb.com,AVAILABILITY,origin.list,2023-06-26 13:12:44.674743
fkexchangeb.vip,AVAILABILITY,origin.list,2023-06-26 13:12:45.089182
fkljc.com,AVAILABILITY,origin.list,2023-06-26 13:12:45.860039
flatneon.com,AVAILABILITY,origin.list,2023-06-26 13:12:51.884993
fleeetbank.com,AVAILABILITY,origin.list,2023-06-26 13:12:54.961772
floristmurah.com,AVAILABILITY,origin.list,2023-06-26 13:51:40.186053
fmfamilia.com,AVAILABILITY,origin.list,2023-06-26 13:51:44.904356
fool-club.com,AVAILABILITY,origin.list,2023-06-26 13:51:52.029674
forcewood.xyz,AVAILABILITY,origin.list,2023-06-26 13:51:55.385722
forex-crew.com,AVAILABILITY,origin.list,2023-06-26 13:51:56.631607
freepornmovies.me,AVAILABILITY,origin.list,2023-06-26 13:52:54.392494
freeview-femdom.com,AVAILABILITY,origin.list,2023-06-26 13:53:20.539620
freexxxvideos.work,AVAILABILITY,origin.list,2023-06-26 13:53:26.987499
fschuangyida88.com,AVAILABILITY,origin.list,2023-06-26 13:53:38.036082
fsejubbs.com,AVAILABILITY,origin.list,2023-06-26 13:53:39.105828
fskcdesign.com,AVAILABILITY,origin.list,2023-06-26 13:53:48.409405
fsmosaic.com,AVAILABILITY,origin.list,2023-06-26 13:53:49.927769
fsq-f.com,AVAILABILITY,origin.list,2023-06-26 13:53:51.794884
fsruibo.com,AVAILABILITY,origin.list,2023-06-26 13:53:52.437236
fuckxxx.pro,AVAILABILITY,origin.list,2023-06-26 14:34:50.043545
fumaogjg.com,AVAILABILITY,origin.list,2023-06-26 14:35:06.697714
fusgle.com,AVAILABILITY,origin.list,2023-06-26 14:35:13.901263
fxtsht.com,AVAILABILITY,origin.list,2023-06-26 14:35:29.072750
fxzch.com,AVAILABILITY,origin.list,2023-06-26 14:35:34.606406
fzt2s.com,AVAILABILITY,origin.list,2023-06-26 14:35:46.922167
g444.live,AVAILABILITY,origin.list,2023-06-26 14:35:52.003627
g99gppwwzxcv.xyz,AVAILABILITY,origin.list,2023-06-26 14:55:16.551328
g99gyysswxyz.xyz,AVAILABILITY,origin.list,2023-06-26 14:55:20.349867
gai88.xyz,AVAILABILITY,origin.list,2023-06-26 14:55:26.731652
gaidam.net,AVAILABILITY,origin.list,2023-06-26 14:55:34.653996
gaidanang2022.website,AVAILABILITY,origin.list,2023-06-26 14:55:43.856550
gaigoi.art,AVAILABILITY,origin.list,2023-06-26 14:55:50.301630
gaigoi.news,AVAILABILITY,origin.list,2023-06-26 14:55:52.728662
gaigoi18.pro,AVAILABILITY,origin.list,2023-06-26 14:55:53.036833
gaigoi3m.xyz,AVAILABILITY,origin.list,2023-06-26 14:55:54.397296
gaigoi3mien.xyz,AVAILABILITY,origin.list,2023-06-26 14:55:56.174075
gaigoibamien.us,AVAILABILITY,origin.list,2023-06-26 14:55:58.507243
gaigoicaocap.xyz,AVAILABILITY,origin.list,2023-06-26 14:56:01.428946
gaigoiteen.xyz,AVAILABILITY,origin.list,2023-06-26 15:16:38.590634
gaigoiviet.us,AVAILABILITY,origin.list,2023-06-26 15:16:44.419394
gaixinhvip.com,AVAILABILITY,origin.list,2023-06-26 15:37:46.592348
gamzeren.com,AVAILABILITY,origin.list,2023-06-26 16:17:55.656030
gametwelve.com,AVAILABILITY,origin.list,2023-06-26 16:17:59.769370
gdhongxuan.com,AVAILABILITY,origin.list,2023-06-26 17:20:57.072463
gengyin88.com,AVAILABILITY,origin.list,2023-06-26 18:01:35.451062
geschennk.online,AVAILABILITY,origin.list,2023-06-26 18:01:41.121427
gfagualva.com,AVAILABILITY,origin.list,2023-06-26 18:01:51.384913
gg-iphone.com,AVAILABILITY,origin.list,2023-06-26 18:01:57.424374
gigadatosmobiles.xyz,AVAILABILITY,origin.list,2023-06-26 18:02:20.347210
giaitriviet.click,AVAILABILITY,origin.list,2023-06-26 18:02:22.368645
gjbpj.com,AVAILABILITY,origin.list,2023-06-26 21:28:21.291423
gjgcgyysswxyz.xyz,AVAILABILITY,origin.list,2023-06-26 21:28:24.552577
gjtf365.com,AVAILABILITY,origin.list,2023-06-26 21:28:26.067088
gkzhs.com,AVAILABILITY,origin.list,2023-06-26 21:28:30.218645
glob-links.com,AVAILABILITY,origin.list,2023-06-26 21:28:38.162596
gmlei.com,AVAILABILITY,origin.list,2023-06-26 22:09:52.665500
goago.net,AVAILABILITY,origin.list,2023-06-26 22:09:56.664741
gohualien.com,AVAILABILITY,origin.list,2023-06-27 01:56:46.992298
gogamehk.vip,AVAILABILITY,origin.list,2023-06-27 01:56:47.140773
gogamevip.top,AVAILABILITY,origin.list,2023-06-27 01:56:49.101223
goigaidep.xyz,AVAILABILITY,origin.list,2023-06-27 01:56:49.669004
goigaisv.xyz,AVAILABILITY,origin.list,2023-06-27 01:56:50.431403
gold-vulkan.com,AVAILABILITY,origin.list,2023-06-27 01:56:51.143014
goiwjea.cn,AVAILABILITY,origin.list,2023-06-27 01:56:54.322005
gosunfb.com,AVAILABILITY,origin.list,2023-06-27 04:21:19.168974
gottaem.com,AVAILABILITY,origin.list,2023-06-27 08:08:07.891497
goupianyi9.com,AVAILABILITY,origin.list,2023-06-27 08:08:09.086837
gowxdx.com,AVAILABILITY,origin.list,2023-06-27 08:08:10.715751
gp168588.com,AVAILABILITY,origin.list,2023-06-27 08:08:13.400522
gphcw.com,AVAILABILITY,origin.list,2023-06-27 08:08:14.341031
gptsitescript.com,AVAILABILITY,origin.list,2023-06-27 08:08:17.374244
gpzapq.com,AVAILABILITY,origin.list,2023-06-27 08:08:17.556771
gry123.com,AVAILABILITY,origin.list,2023-06-28 12:40:24.701598
gs371.com,AVAILABILITY,origin.list,2023-06-28 12:40:26.920612
gsmunlockpro.com,AVAILABILITY,origin.list,2023-06-29 08:35:35.712293
guangchaoly.com,AVAILABILITY,origin.list,2023-06-30 08:33:45.128494
guodong8.com,AVAILABILITY,origin.list,2023-07-03 02:45:50.581172
gutkunst.com,AVAILABILITY,origin.list,2023-07-09 17:19:41.371595
guyifangjj.com,AVAILABILITY,origin.list,2023-07-09 17:19:41.843086
gwhgjswx.com,AVAILABILITY,origin.list,2023-07-09 17:19:48.078341
gxhnz.com,AVAILABILITY,origin.list,2023-07-09 17:19:57.552145
gzhpdn.com,AVAILABILITY,origin.list,2023-07-09 17:40:46.406573
gzxstm.com,AVAILABILITY,origin.list,2023-07-09 19:03:01.708856
gzxuanhuan.com,AVAILABILITY,origin.list,2023-07-09 19:03:02.314265
gzzf-sy.com,AVAILABILITY,origin.list,2023-07-09 19:23:35.047496
h444.live,AVAILABILITY,origin.list,2023-07-09 22:08:37.358886
