subject,idna_subject,expiration_date,epoch,registrar
0-bbs.com,0-bbs.com,07-feb-2024,1707264000.0,"NameSilo, LLC"
0007msc.com,0007msc.com,02-feb-2024,1706832000.0,"NameSilo, LLC"
00030cz.com,00030cz.com,08-sep-2023,1694131200.0,Dynadot3 LLC
0000114.com,0000114.com,10-nov-2023,1699574400.0,Gname.com Pte. Ltd.
0018866.com,0018866.com,09-sep-2023,1694217600.0,DropCatch.com 1429 LLC
001aa.xyz,001aa.xyz,01-mar-2024,1709251200.0,"NameSilo, LLC"
001apetube.com,001apetube.com,03-jul-2023,1688342400.0,"NameCheap, Inc."
00296.wang,00296.wang,11-dec-2023,1702252800.0,Dynadot LLC
001215.com,001215.com,23-sep-2023,1695427200.0,"NameSilo, LLC"
002987.com,002987.com,07-sep-2023,1694044800.0,Dynadot4 LLC
001808.com,001808.com,13-sep-2023,1694563200.0,"NameSilo, LLC"
002aa.xyz,002aa.xyz,01-mar-2024,1709251200.0,"NameSilo, LLC"
002ab.xyz,002ab.xyz,01-mar-2024,1709251200.0,"NameSilo, LLC"
0006666.net,0006666.net,12-sep-2023,1694476800.0,"OwnRegistrar, Inc."
003593.com,003593.com,21-sep-2023,1695254400.0,"NameSilo, LLC"
003709.com,003709.com,21-sep-2023,1695254400.0,"NameSilo, LLC"
003732.com,003732.com,21-sep-2023,1695254400.0,"NameSilo, LLC"
003814.com,003814.com,19-sep-2023,1695081600.0,"NameSilo, LLC"
003582.com,003582.com,21-sep-2023,1695254400.0,"NameSilo, LLC"
003834.com,003834.com,19-sep-2023,1695081600.0,"NameSilo, LLC"
003xx.com,003xx.com,08-jul-2023,1688774400.0,"NameCheap, Inc."
004f.com,004f.com,18-jan-2024,1705536000.0,Gname 015 Inc
004aa.xyz,004aa.xyz,01-mar-2024,1709251200.0,"NameSilo, LLC"
00532h.com,00532h.com,04-apr-2024,1712188800.0,Eranet International Limited
003907.com,003907.com,21-sep-2023,1695254400.0,"NameSilo, LLC"
003956.com,003956.com,21-sep-2023,1695254400.0,"NameSilo, LLC"
005278.com,005278.com,20-sep-2023,1695168000.0,"NameSilo, LLC"
00656.wang,00656.wang,15-dec-2023,1702598400.0,Dynadot LLC
00608.wang,00608.wang,12-dec-2023,1702339200.0,Dynadot LLC
006aa.xyz,006aa.xyz,01-mar-2024,1709251200.0,"NameSilo, LLC"
007aa.xyz,007aa.xyz,01-mar-2024,1709251200.0,"NameSilo, LLC"
007jdsj.com,007jdsj.com,03-feb-2024,1706918400.0,GNAME 033 INC
007mp3.com,007mp3.com,06-mar-2024,1709683200.0,"Hong Kong Juming Network Technology Co., Ltd."
005005.mom,005005.mom,01-mar-2024,1709251200.0,"Name.com, Inc"
00861111.com,00861111.com,05-apr-2024,1712275200.0,Gname.com Pte. Ltd.
00555.mom,00555.mom,21-feb-2024,1708473600.0,"Name.com, Inc"
0099ccb.com,0099ccb.com,15-feb-2024,1707955200.0,"OwnRegistrar, Inc."
00623.vip,00623.vip,18-feb-2024,1708214400.0,Dynadot Inc
009503.com,009503.com,23-sep-2023,1695427200.0,"NameSilo, LLC"
009aa.xyz,009aa.xyz,01-mar-2024,1709251200.0,"NameSilo, LLC"
009ab.xyz,009ab.xyz,01-mar-2024,1709251200.0,"NameSilo, LLC"
010anna.com,010anna.com,14-aug-2023,1691971200.0,"GoDaddy.com, LLC"
00mov.com,00mov.com,05-sep-2023,1693872000.0,DropCatch.com 725 LLC
00se.com,00se.com,20-may-2026,1779235200.0,"GoDaddy.com, LLC"
010spsj.com,010spsj.com,24-may-2024,1716508800.0,"NameSilo, LLC"
010lsfcjf.com,010lsfcjf.com,27-feb-2024,1708992000.0,Gname.com Pte. Ltd.
010sdkt.com,010sdkt.com,04-sep-2023,1693785600.0,DropCatch.com 1415 LLC
010hcc.com,010hcc.com,25-mar-2024,1711324800.0,Gname.com Pte. Ltd.
010sds.xyz,010sds.xyz,18-jan-2024,1705536000.0,"NameSilo, LLC"
010tianqi.com,010tianqi.com,05-apr-2024,1712275200.0,Gname.com Pte. Ltd.
012342.com,012342.com,08-sep-2023,1694131200.0,Dynadot6 LLC
012sds.xyz,012sds.xyz,18-jan-2024,1705536000.0,"NameSilo, LLC"
010zentan.net,010zentan.net,10-mar-2024,1710028800.0,Eranet International Limited
011sds.xyz,011sds.xyz,18-jan-2024,1705536000.0,"NameSilo, LLC"
013sds.xyz,013sds.xyz,18-jan-2024,1705536000.0,"NameSilo, LLC"
013761.com,013761.com,11-nov-2023,1699660800.0,Gname.com Pte. Ltd.
014sds.com,014sds.com,28-oct-2023,1698451200.0,"NameSilo, LLC"
014sds.xyz,014sds.xyz,18-jan-2024,1705536000.0,"NameSilo, LLC"
015st.com,015st.com,29-jan-2024,1706486400.0,ALIBABA.COM SINGAPORE E-COMMERCE PRIVATE LIMITED
015caiji.com,015caiji.com,02-jun-2024,1717286400.0,"GoDaddy.com, LLC"
016sds.xyz,016sds.xyz,18-jan-2024,1705536000.0,"NameSilo, LLC"
015sds.xyz,015sds.xyz,18-jan-2024,1705536000.0,"NameSilo, LLC"
01738.wang,01738.wang,11-dec-2023,1702252800.0,Dynadot LLC
018889.com,018889.com,17-jun-2024,1718582400.0,DropCatch.com 1105 LLC
013987.com,013987.com,03-mar-2024,1709424000.0,"NameSilo, LLC"
017sds.xyz,017sds.xyz,18-jan-2024,1705536000.0,"NameSilo, LLC"
018sds.xyz,018sds.xyz,18-jan-2024,1705536000.0,"NameSilo, LLC"
019sds.xyz,019sds.xyz,18-jan-2024,1705536000.0,"NameSilo, LLC"
017765.com,017765.com,03-mar-2024,1709424000.0,"NameSilo, LLC"
01axx.com,01axx.com,22-mar-2024,1711065600.0,"NameSilo, LLC"
01agg.com,01agg.com,29-sep-2023,1695945600.0,"NameSilo, LLC"
01abb.com,01abb.com,16-aug-2023,1692144000.0,"NameSilo, LLC"
01aee.com,01aee.com,18-jan-2024,1705536000.0,"NameSilo, LLC"
01azz.com,01azz.com,19-oct-2023,1697673600.0,"NameSilo, LLC"
01ddtv.com,01ddtv.com,16-aug-2023,1692144000.0,"NameSilo, LLC"
01bxbx.com,01bxbx.com,16-aug-2023,1692144000.0,"NameSilo, LLC"
01ddx.com,01ddx.com,22-nov-2023,1700611200.0,"NameSilo, LLC"
01jgc.com,01jgc.com,11-feb-2024,1707609600.0,"NameSilo, LLC"
01dee.com,01dee.com,11-feb-2024,1707609600.0,"NameSilo, LLC"
01qxqx.com,01qxqx.com,26-nov-2023,1700956800.0,"NameSilo, LLC"
01xjj.com,01xjj.com,02-may-2024,1714608000.0,"GoDaddy.com, LLC"
020houde.com,020houde.com,20-jun-2024,1718841600.0,DropCatch.com 1439 LLC
01zgg.com,01zgg.com,16-nov-2023,1700092800.0,"NameSilo, LLC"
020rcw.com,020rcw.com,15-jun-2024,1718409600.0,"DropJump.com, LLC"
021-gay.com,021-gay.com,08-mar-2024,1709856000.0,"Hong Kong Juming Network Technology Co., Ltd."
020sds.com,020sds.com,28-oct-2023,1698451200.0,"NameSilo, LLC"
020sds.xyz,020sds.xyz,18-jan-2024,1705536000.0,"NameSilo, LLC"
02012345.net,02012345.net,18-nov-2023,1700265600.0,Gname.com Pte. Ltd.
0212012.com,0212012.com,16-aug-2023,1692144000.0,Gname.com Pte. Ltd.
021caiji.com,021caiji.com,24-jun-2024,1719187200.0,"NameSilo, LLC"
021515.com,021515.com,16-sep-2023,1694822400.0,"NameSilo, LLC"
021ande.com,021ande.com,15-feb-2024,1707955200.0,"OwnRegistrar, Inc."
021enbo.com,021enbo.com,25-apr-2024,1714003200.0,Gname.com Pte. Ltd.
021kyjw.com,021kyjw.com,05-sep-2023,1693872000.0,Dynadot12 LLC
021jienwl.com,021jienwl.com,08-nov-2023,1699401600.0,Gname.com Pte. Ltd.
021kongtiaohuishou.com,021kongtiaohuishou.com,02-may-2024,1714608000.0,Dynadot Inc
021dqfm.com,021dqfm.com,15-mar-2024,1710460800.0,Gname.com Pte. Ltd.
021des.com,021des.com,16-mar-2024,1710547200.0,Dynadot Inc
021lb.com,021lb.com,08-sep-2023,1694131200.0,Dynadot6 LLC
021moon.com,021moon.com,15-jun-2024,1718409600.0,Gname.com Pte. Ltd.
021sds.xyz,021sds.xyz,18-jan-2024,1705536000.0,"NameSilo, LLC"
021shys.com,021shys.com,11-dec-2023,1702252800.0,Gname.com Pte. Ltd.
021sangna.com,021sangna.com,05-sep-2023,1693872000.0,Gname 050 Inc
021puan.com,021puan.com,08-feb-2024,1707350400.0,Gname.com Pte. Ltd.
021xxwz.com,021xxwz.com,03-feb-2024,1706918400.0,Gname 022 Inc
021zl.com,021zl.com,02-dec-2023,1701475200.0,Gname.com Pte. Ltd.
022che.net,022che.net,31-jul-2023,1690761600.0,Gname.com Pte. Ltd.
021songjiang.com,021songjiang.com,20-mar-2024,1710892800.0,Dynadot Inc
022sds.xyz,022sds.xyz,18-jan-2024,1705536000.0,"NameSilo, LLC"
022148.com,022148.com,19-jan-2024,1705622400.0,Gname 009 Inc
023fax.com,023fax.com,13-aug-2023,1691884800.0,"GoDaddy.com, LLC"
022zyp.net,022zyp.net,09-mar-2024,1709942400.0,Eranet International Limited
023sds.xyz,023sds.xyz,18-jan-2024,1705536000.0,"NameSilo, LLC"
023hghdf.com,023hghdf.com,13-aug-2023,1691884800.0,Gname.com Pte. Ltd.
023yxt.com,023yxt.com,23-jun-2024,1719100800.0,DropCatch.com 746 LLC
023zfw.com,023zfw.com,12-feb-2024,1707696000.0,Gname 020 Inc
024jbt.com,024jbt.com,10-jan-2024,1704844800.0,Dynadot Inc
023813.com,023813.com,18-sep-2023,1694995200.0,"NameSilo, LLC"
024ly.net,024ly.net,29-may-2024,1716940800.0,Gname.com Pte. Ltd.
023jiazheng.com,023jiazheng.com,20-nov-2023,1700438400.0,Gname.com Pte. Ltd.
024xtl.com,024xtl.com,12-mar-2024,1710201600.0,Gname.com Pte. Ltd.
024tuofa.com,024tuofa.com,05-mar-2024,1709596800.0,"Hong Kong Juming Network Technology Co., Ltd."
024sds.xyz,024sds.xyz,18-jan-2024,1705536000.0,"NameSilo, LLC"
024ysfs.com,024ysfs.com,08-apr-2024,1712534400.0,Gname.com Pte. Ltd.
025415.com,025415.com,30-jun-2024,1719705600.0,"GoDaddy.com, LLC"
025hospital.com,025hospital.com,28-apr-2024,1714262400.0,Gname.com Pte. Ltd.
025sds.xyz,025sds.xyz,18-jan-2024,1705536000.0,"NameSilo, LLC"
026sds.xyz,026sds.xyz,18-jan-2024,1705536000.0,"NameSilo, LLC"
025876.com,025876.com,03-mar-2024,1709424000.0,"NameSilo, LLC"
025msj.com,025msj.com,29-jan-2024,1706486400.0,Gname 031 Inc
027sds.xyz,027sds.xyz,18-jan-2024,1705536000.0,"NameSilo, LLC"
027meibi.com,027meibi.com,18-jun-2024,1718668800.0,DropCatch.com 360 LLC
027mrt.com,027mrt.com,17-nov-2023,1700179200.0,Gname.com Pte. Ltd.
028cheyi.com,028cheyi.com,03-feb-2024,1706918400.0,Gname 038 Inc
027yyq.com,027yyq.com,16-mar-2024,1710547200.0,Gname.com Pte. Ltd.
028bzzs.com,028bzzs.com,19-jan-2024,1705622400.0,Gname 030 Inc
028mtr.com,028mtr.com,12-aug-2023,1691798400.0,Gname.com Pte. Ltd.
028jkb.com,028jkb.com,18-nov-2023,1700265600.0,Key-Systems GmbH
028pxxd.com,028pxxd.com,12-jun-2024,1718150400.0,Gname.com Pte. Ltd.
028yake.com,028yake.com,20-jun-2024,1718841600.0,DropCatch.com 543 LLC
028sds.xyz,028sds.xyz,18-jan-2024,1705536000.0,"NameSilo, LLC"
028sizu.com,028sizu.com,06-sep-2023,1693958400.0,DropCatch.com 1065 LLC
029621.com,029621.com,23-sep-2023,1695427200.0,"NameSilo, LLC"
0291818.com,0291818.com,13-aug-2023,1691884800.0,Gname.com Pte. Ltd.
028yechou.com,028yechou.com,30-mar-2024,1711756800.0,Dynadot Inc
029hqgs.com,029hqgs.com,02-apr-2024,1712016000.0,Gname.com Pte. Ltd.
029ren.com,029ren.com,02-dec-2023,1701475200.0,Gname.com Pte. Ltd.
02952.vip,02952.vip,17-feb-2024,1708128000.0,Dynadot Inc
029sds.xyz,029sds.xyz,18-jan-2024,1705536000.0,"NameSilo, LLC"
029yk.com,029yk.com,08-sep-2023,1694131200.0,TotallyDomain LLC
029875.com,029875.com,18-sep-2023,1694995200.0,"NameSilo, LLC"
029kq.com,029kq.com,01-may-2024,1714521600.0,Heavydomains.net LLC
029you.com,029you.com,30-dec-2023,1703894400.0,Gname 043 Inc
02axx.com,02axx.com,22-mar-2024,1711065600.0,"NameSilo, LLC"
02abb.com,02abb.com,16-aug-2023,1692144000.0,"NameSilo, LLC"
02aee.com,02aee.com,18-jan-2024,1705536000.0,"NameSilo, LLC"
02att.com,02att.com,18-aug-2023,1692316800.0,"NameSilo, LLC"
02ddtv.com,02ddtv.com,16-aug-2023,1692144000.0,"NameSilo, LLC"
02dee.com,02dee.com,11-feb-2024,1707609600.0,"NameSilo, LLC"
02azz.com,02azz.com,19-oct-2023,1697673600.0,"NameSilo, LLC"
02ddx.com,02ddx.com,22-nov-2023,1700611200.0,"NameSilo, LLC"
02spp.com,02spp.com,30-jul-2023,1690675200.0,"GoDaddy.com, LLC"
02bxbx.com,02bxbx.com,16-aug-2023,1692144000.0,"NameSilo, LLC"
02qxqx.com,02qxqx.com,26-nov-2023,1700956800.0,"NameSilo, LLC"
02xjj.com,02xjj.com,02-may-2024,1714608000.0,"GoDaddy.com, LLC"
030sds.com,030sds.com,28-oct-2023,1698451200.0,"NameSilo, LLC"
02sds.com,02sds.com,02-may-2024,1714608000.0,"GoDaddy.com, LLC"
02zgg.com,02zgg.com,16-nov-2023,1700092800.0,"NameSilo, LLC"
030sds.xyz,030sds.xyz,18-jan-2024,1705536000.0,"NameSilo, LLC"
0310zyt.com,0310zyt.com,07-nov-2023,1699315200.0,"Alibaba Cloud Computing (Beijing) Co., Ltd."
0311qq.com,0311qq.com,05-mar-2024,1709596800.0,Eranet International Limited
0311wedding.com,0311wedding.com,09-sep-2023,1694217600.0,DropCatch.com 1197 LLC
03116666.com,03116666.com,27-jan-2024,1706313600.0,"GMO Internet Group, Inc. d/b/a Onamae.com"
0315seo.com,0315seo.com,17-nov-2023,1700179200.0,Gname.com Pte. Ltd.
0312bj.com,0312bj.com,15-nov-2023,1700006400.0,Gname.com Pte. Ltd.
0318gangbanwang.com,0318gangbanwang.com,12-mar-2024,1710201600.0,Dynadot Inc
0312et.com,0312et.com,18-nov-2023,1700265600.0,Gname.com Pte. Ltd.
0310love.com,0310love.com,12-dec-2023,1702339200.0,Gname.com Pte. Ltd.
031sds.xyz,031sds.xyz,18-jan-2024,1705536000.0,"NameSilo, LLC"
032611.com,032611.com,19-sep-2023,1695081600.0,"NameSilo, LLC"
0335i.com,0335i.com,04-apr-2024,1712188800.0,Eranet International Limited
0319zhopin.com,0319zhopin.com,09-apr-2024,1712620800.0,Eranet International Limited
033234.com,033234.com,03-dec-2023,1701561600.0,Gname 027 Inc
032sds.xyz,032sds.xyz,18-jan-2024,1705536000.0,"NameSilo, LLC"
0349sz.com,0349sz.com,07-sep-2023,1694044800.0,DropCatch.com 1410 LLC
03356g.com,03356g.com,04-apr-2024,1712188800.0,Eranet International Limited
0351hun.com,0351hun.com,18-jun-2024,1718668800.0,DropCatch.com 890 LLC
0335tc.com,0335tc.com,04-may-2024,1714780800.0,Dynadot Inc
034sds.xyz,034sds.xyz,18-jan-2024,1705536000.0,"NameSilo, LLC"
033sds.xyz,033sds.xyz,18-jan-2024,1705536000.0,"NameSilo, LLC"
0372rl.com,0372rl.com,02-feb-2024,1706832000.0,"! #1 Host Japan, LLC"
036sds.xyz,036sds.xyz,18-jan-2024,1705536000.0,"NameSilo, LLC"
035sds.xyz,035sds.xyz,18-jan-2024,1705536000.0,"NameSilo, LLC"
0356jd.com,0356jd.com,05-apr-2024,1712275200.0,Gname.com Pte. Ltd.
035415.com,035415.com,30-jun-2024,1719705600.0,"GoDaddy.com, LLC"
037sds.xyz,037sds.xyz,18-jan-2024,1705536000.0,"NameSilo, LLC"
038922.com,038922.com,13-aug-2023,1691884800.0,"GoDaddy.com, LLC"
037g.com,037g.com,17-aug-2023,1692230400.0,"GoDaddy.com, LLC"
038sds.com,038sds.com,28-oct-2023,1698451200.0,"NameSilo, LLC"
038sds.xyz,038sds.xyz,18-jan-2024,1705536000.0,"NameSilo, LLC"
037hd.com,037hd.com,22-may-2024,1716336000.0,PDR Ltd. d/b/a PublicDomainRegistry.com
039776196.com,039776196.com,19-jun-2024,1718755200.0,DropCatch.com 919 LLC
038722.com,038722.com,13-aug-2023,1691884800.0,"GoDaddy.com, LLC"
039sds.xyz,039sds.xyz,18-jan-2024,1705536000.0,"NameSilo, LLC"
0392zx.com,0392zx.com,05-sep-2023,1693872000.0,Gname 008 Inc
03abb.com,03abb.com,16-aug-2023,1692144000.0,"NameSilo, LLC"
03988.vip,03988.vip,30-jan-2024,1706572800.0,ALIBABA.COM SINGAPORE E-COMMERCE PRIVATE LIMITED
03add.com,03add.com,23-jun-2024,1719100800.0,"NameSilo, LLC"
03att.com,03att.com,18-aug-2023,1692316800.0,"NameSilo, LLC"
03agg.com,03agg.com,29-sep-2023,1695945600.0,"NameSilo, LLC"
03axx.com,03axx.com,22-mar-2024,1711065600.0,"NameSilo, LLC"
03aee.com,03aee.com,18-jan-2024,1705536000.0,"NameSilo, LLC"
03bxbx.com,03bxbx.com,16-aug-2023,1692144000.0,"NameSilo, LLC"
03caiji.com,03caiji.com,11-may-2024,1715385600.0,"NameSilo, LLC"
03ddtv.com,03ddtv.com,16-aug-2023,1692144000.0,"NameSilo, LLC"
03azz.com,03azz.com,19-oct-2023,1697673600.0,"NameSilo, LLC"
03ddx.com,03ddx.com,22-nov-2023,1700611200.0,"NameSilo, LLC"
03dee.com,03dee.com,11-feb-2024,1707609600.0,"NameSilo, LLC"
03qxqx.com,03qxqx.com,26-nov-2023,1700956800.0,"NameSilo, LLC"
03porno.com,03porno.com,29-aug-2023,1693267200.0,"NameCheap, Inc."
03spp.com,03spp.com,30-jul-2023,1690675200.0,"NameSilo, LLC"
03sds.com,03sds.com,02-may-2024,1714608000.0,"GoDaddy.com, LLC"
03jgc.com,03jgc.com,11-feb-2024,1707609600.0,"NameSilo, LLC"
040wn.xyz,040wn.xyz,02-feb-2024,1706832000.0,ALIBABA.COM SINGAPORE E-COMMERCE PRIVATE LIMITED
040480.com,040480.com,22-oct-2023,1697932800.0,Gname.com Pte. Ltd.
0411ff.com,0411ff.com,30-dec-2023,1703894400.0,GNAME 033 INC
03zgg.com,03zgg.com,16-nov-2023,1700092800.0,"NameSilo, LLC"
03xjj.com,03xjj.com,02-may-2024,1714608000.0,"GoDaddy.com, LLC"
0411jcy.com,0411jcy.com,12-aug-2023,1691798400.0,Gname.com Pte. Ltd.
042sds.com,042sds.com,28-oct-2023,1698451200.0,"NameSilo, LLC"
0411ys.com,0411ys.com,25-oct-2023,1698192000.0,Gname.com Pte. Ltd.
0411accp.net,0411accp.net,29-aug-2023,1693267200.0,Gname.com Pte. Ltd.
041sds.com,041sds.com,28-oct-2023,1698451200.0,"NameSilo, LLC"
043198.com,043198.com,27-jul-2023,1690416000.0,"TurnCommerce, Inc. DBA NameBright.com"
0411xiaoqu.com,0411xiaoqu.com,22-oct-2023,1697932800.0,Longming Pte. Ltd.
043sds.com,043sds.com,28-oct-2023,1698451200.0,"NameSilo, LLC"
04314.wang,04314.wang,11-dec-2023,1702252800.0,Dynadot LLC
044sds.com,044sds.com,28-oct-2023,1698451200.0,"NameSilo, LLC"
0432led.com,0432led.com,04-sep-2023,1693785600.0,Gname 001 Inc
0432123.com,0432123.com,07-sep-2023,1694044800.0,"SNAPNAMES 41, LLC"
0452-114.com,0452-114.com,09-sep-2023,1694217600.0,DropCatch.com 1330 LLC
045075.com,045075.com,01-nov-2023,1698796800.0,Gname.com Pte. Ltd.
0451ww.com,0451ww.com,01-mar-2024,1709251200.0,Gname.com Pte. Ltd.
0451hhjc.com,0451hhjc.com,27-mar-2024,1711497600.0,Dynadot Inc
0451xf.com,0451xf.com,05-sep-2023,1693872000.0,"Wildzebradomains, LLC"
045415.com,045415.com,30-jun-2024,1719705600.0,"GoDaddy.com, LLC"
0455top.com,0455top.com,07-sep-2023,1694044800.0,DropCatch.com 828 LLC
04803.wang,04803.wang,13-dec-2023,1702425600.0,Dynadot LLC
04647.xyz,04647.xyz,19-sep-2023,1695081600.0,Namecheap
046sds.com,046sds.com,28-oct-2023,1698451200.0,"NameSilo, LLC"
048sds.com,048sds.com,28-oct-2023,1698451200.0,"NameSilo, LLC"
0470110.com,0470110.com,08-feb-2024,1707350400.0,Gname.com Pte. Ltd.
047sds.com,047sds.com,28-oct-2023,1698451200.0,"NameSilo, LLC"
049sds.com,049sds.com,28-oct-2023,1698451200.0,"NameSilo, LLC"
04abb.com,04abb.com,16-aug-2023,1692144000.0,"NameSilo, LLC"
04agg.com,04agg.com,29-sep-2023,1695945600.0,"NameSilo, LLC"
04add.com,04add.com,23-jun-2024,1719100800.0,"NameSilo, LLC"
04axx.com,04axx.com,22-mar-2024,1711065600.0,"NameSilo, LLC"
04att.com,04att.com,18-aug-2023,1692316800.0,"NameSilo, LLC"
04ddtv.com,04ddtv.com,16-aug-2023,1692144000.0,"NameSilo, LLC"
04azz.com,04azz.com,19-oct-2023,1697673600.0,"NameSilo, LLC"
04caiji.com,04caiji.com,11-may-2024,1715385600.0,"NameSilo, LLC"
04sds.com,04sds.com,02-may-2024,1714608000.0,"GoDaddy.com, LLC"
04dede.com,04dede.com,11-feb-2024,1707609600.0,"NameSilo, LLC"
04sdsd.com,04sdsd.com,18-aug-2023,1692316800.0,"NameSilo, LLC"
04aee.com,04aee.com,18-jan-2024,1705536000.0,"NameSilo, LLC"
04ddx.com,04ddx.com,22-nov-2023,1700611200.0,"NameSilo, LLC"
04xjj.com,04xjj.com,02-may-2024,1714608000.0,"GoDaddy.com, LLC"
04zgg.com,04zgg.com,16-nov-2023,1700092800.0,"NameSilo, LLC"
04dee.com,04dee.com,11-feb-2024,1707609600.0,"NameSilo, LLC"
05016.wang,05016.wang,12-dec-2023,1702339200.0,Dynadot LLC
04spp.com,04spp.com,30-jul-2023,1690675200.0,"NameSilo, LLC"
050582.com,050582.com,23-sep-2023,1695427200.0,"NameSilo, LLC"
0510jg.com,0510jg.com,11-dec-2023,1702252800.0,Gname.com Pte. Ltd.
051127.com,051127.com,20-aug-2023,1692489600.0,"NameSilo, LLC"
0511market.com,0511market.com,09-sep-2023,1694217600.0,Treasure Trove Domains LLC
0512ylw.com,0512ylw.com,31-oct-2023,1698710400.0,"Hefei Juming Network Technology Co., Ltd"
050sds.com,050sds.com,28-oct-2023,1698451200.0,"NameSilo, LLC"
0512svw.com,0512svw.com,08-feb-2024,1707350400.0,Gname.com Pte. Ltd.
0516blp.com,0516blp.com,11-aug-2023,1691712000.0,Gname.com Pte. Ltd.
0512tuozhan.com,0512tuozhan.com,26-aug-2023,1693008000.0,Dynadot15 LLC
0515120.com,0515120.com,03-feb-2024,1706918400.0,GNAME 033 INC
05167.wang,05167.wang,13-dec-2023,1702425600.0,Dynadot LLC
0516kyj.com,0516kyj.com,08-sep-2023,1694131200.0,DropCatch.com 999 LLC
0517tg.com,0517tg.com,12-jan-2024,1705017600.0,Gname 032 Inc
0517118.com,0517118.com,13-aug-2023,1691884800.0,"GoDaddy.com, LLC"
0518ad.com,0518ad.com,04-dec-2023,1701648000.0,Gname.com Pte. Ltd.
0518xd.com,0518xd.com,08-sep-2023,1694131200.0,DropCatch.com 1366 LLC
051855.com,051855.com,20-jan-2024,1705708800.0,"NameSilo, LLC"
0518cg.com,0518cg.com,06-dec-2023,1701820800.0,Gname.com Pte. Ltd.
0520zx.com,0520zx.com,13-feb-2024,1707782400.0,"OwnRegistrar, Inc."
0521mengyake.com,0521mengyake.com,13-aug-2023,1691884800.0,"GoDaddy.com, LLC"
0523yd.com,0523yd.com,08-sep-2023,1694131200.0,Dynadot8 LLC
0530tongxin.com,0530tongxin.com,06-dec-2023,1701820800.0,Gname.com Pte. Ltd.
0531af.com,0531af.com,07-sep-2023,1694044800.0,DropCatch.com 345 LLC
05236.vip,05236.vip,21-feb-2024,1708473600.0,Dynadot Inc
0531ygg.com,0531ygg.com,25-feb-2024,1708819200.0,Eranet International Limited
0532cz.com,0532cz.com,06-feb-2024,1707177600.0,"Lemon Shark Domains, LLC"
0531jnzx.com,0531jnzx.com,09-sep-2023,1694217600.0,DropCatch.com 1288 LLC
0533cm.com,0533cm.com,15-jun-2024,1718409600.0,DropCatch.com 468 LLC
0536life.com,0536life.com,18-jun-2024,1718668800.0,DropCatch.com 1218 LLC
0533seo.com,0533seo.com,07-nov-2023,1699315200.0,Gname.com Pte. Ltd.
0535cy.com,0535cy.com,09-sep-2023,1694217600.0,ProtonDomains.com LLC
0536sgcq.com,0536sgcq.com,04-mar-2024,1709510400.0,Eranet International Limited
0538com.com,0538com.com,05-sep-2023,1693872000.0,DropCatch.com 1015 LLC
0536sg.com,0536sg.com,20-nov-2023,1700438400.0,Gname.com Pte. Ltd.
0537dy.com,0537dy.com,15-jan-2024,1705276800.0,Gname 016 Inc
0539zaoxie.com,0539zaoxie.com,31-jul-2023,1690761600.0,Gname.com Pte. Ltd.
0543baidu.com,0543baidu.com,06-dec-2023,1701820800.0,Gname.com Pte. Ltd.
0539yz.com,0539yz.com,29-mar-2024,1711670400.0,Gname.com Pte. Ltd.
0546hunqing.com,0546hunqing.com,12-mar-2024,1710201600.0,Gname.com Pte. Ltd.
053sds.xyz,053sds.xyz,22-mar-2024,1711065600.0,"NameSilo, LLC"
0551hb.com,0551hb.com,08-sep-2023,1694131200.0,DropCatch.com 1328 LLC
054sds.xyz,054sds.xyz,22-mar-2024,1711065600.0,"NameSilo, LLC"
0546shop.com,0546shop.com,15-mar-2024,1710460800.0,Gname.com Pte. Ltd.
0554nk.com,0554nk.com,17-jul-2024,1721174400.0,Gname.com Pte. Ltd.
0551caihe.com,0551caihe.com,14-aug-2023,1691971200.0,Gname.com Pte. Ltd.
0559c.com,0559c.com,23-jun-2024,1719100800.0,DropCatch.com 558 LLC
0556hn.com,0556hn.com,02-dec-2023,1701475200.0,Gname.com Pte. Ltd.
0559zhu.com,0559zhu.com,06-sep-2023,1693958400.0,DropCatch.com 1477 LLC
0551gsls.com,0551gsls.com,26-jan-2024,1706227200.0,"GMO Internet Group, Inc. d/b/a Onamae.com"
05555.mom,05555.mom,19-feb-2024,1708300800.0,"Name.com, Inc"
0559bbs.com,0559bbs.com,09-sep-2023,1694217600.0,Domaininthehole.com LLC
055sds.xyz,055sds.xyz,22-mar-2024,1711065600.0,"NameSilo, LLC"
0570jj.com,0570jj.com,13-aug-2023,1691884800.0,Gname.com Pte. Ltd.
056026.com,056026.com,04-dec-2023,1701648000.0,"NameSilo, LLC"
0570wyjh.com,0570wyjh.com,17-nov-2023,1700179200.0,Gname.com Pte. Ltd.
0571han.com,0571han.com,15-aug-2023,1692057600.0,Gname.com Pte. Ltd.
0571cnc.net,0571cnc.net,02-may-2024,1714608000.0,Gname 123 Inc
0571piao.com,0571piao.com,08-feb-2024,1707350400.0,Gname.com Pte. Ltd.
0573tx.com,0573tx.com,22-may-2024,1716336000.0,Gname.com Pte. Ltd.
0572df.com,0572df.com,05-dec-2023,1701734400.0,Gname.com Pte. Ltd.
0573ok.com,0573ok.com,22-feb-2024,1708560000.0,Gname.com Pte. Ltd.
0573sp.com,0573sp.com,08-sep-2023,1694131200.0,Dynadot16 LLC
0578ok.com,0578ok.com,25-apr-2024,1714003200.0,Gname.com Pte. Ltd.
0576ok.com,0576ok.com,25-apr-2024,1714003200.0,Gname.com Pte. Ltd.
0577fyw.com,0577fyw.com,07-feb-2024,1707264000.0,Gname.com Pte. Ltd.
0577gouwu.com,0577gouwu.com,27-feb-2024,1708992000.0,"Hefei Juming Network Technology Co., Ltd"
058sds.xyz,058sds.xyz,22-mar-2024,1711065600.0,"NameSilo, LLC"
057sds.xyz,057sds.xyz,22-mar-2024,1711065600.0,"NameSilo, LLC"
0592hotel.com,0592hotel.com,06-feb-2024,1707177600.0,CV. JOGJACAMP
0591kx.com,0591kx.com,25-mar-2024,1711324800.0,Gname.com Pte. Ltd.
0591tc.net,0591tc.net,12-aug-2023,1691798400.0,Gname.com Pte. Ltd.
05941111.com,05941111.com,11-nov-2023,1699660800.0,Gname.com Pte. Ltd.
0591xfw.com,0591xfw.com,25-mar-2024,1711324800.0,Gname.com Pte. Ltd.
0592tattoo.com,0592tattoo.com,07-sep-2023,1694044800.0,DropCatch.com 623 LLC
05951069.com,05951069.com,08-feb-2024,1707350400.0,Gname.com Pte. Ltd.
0592zc.com,0592zc.com,15-jan-2024,1705276800.0,Gname 048 Inc
0597pt.com,0597pt.com,26-jan-2024,1706227200.0,"GMO Internet Group, Inc. d/b/a Onamae.com"
0594jqw.com,0594jqw.com,19-jul-2024,1721347200.0,Gname.com Pte. Ltd.
059tzw.com,059tzw.com,23-mar-2024,1711152000.0,PDR Ltd. d/b/a PublicDomainRegistry.com
059mintuan.com,059mintuan.com,14-aug-2023,1691971200.0,"GoDaddy.com, LLC"
05add.com,05add.com,23-jun-2024,1719100800.0,"NameSilo, LLC"
05aee.com,05aee.com,18-jan-2024,1705536000.0,"NameSilo, LLC"
05agg.com,05agg.com,29-sep-2023,1695945600.0,"NameSilo, LLC"
05aqq.com,05aqq.com,24-mar-2024,1711238400.0,"NameSilo, LLC"
05bxbx.com,05bxbx.com,16-aug-2023,1692144000.0,"NameSilo, LLC"
05azz.com,05azz.com,19-oct-2023,1697673600.0,"NameSilo, LLC"
05att.com,05att.com,18-aug-2023,1692316800.0,"NameSilo, LLC"
05ddtv.com,05ddtv.com,16-aug-2023,1692144000.0,"NameSilo, LLC"
05dede.com,05dede.com,11-feb-2024,1707609600.0,"NameSilo, LLC"
05ddx.com,05ddx.com,22-nov-2023,1700611200.0,"NameSilo, LLC"
05dee.com,05dee.com,11-feb-2024,1707609600.0,"NameSilo, LLC"
05t2s.com,05t2s.com,31-jan-2024,1706659200.0,ALIBABA.COM SINGAPORE E-COMMERCE PRIVATE LIMITED
05sds.com,05sds.com,02-may-2024,1714608000.0,"GoDaddy.com, LLC"
05zgg.com,05zgg.com,16-nov-2023,1700092800.0,"NameSilo, LLC"
05zp.com,05zp.com,21-nov-2023,1700524800.0,Gname 047 Inc
05xjj.com,05xjj.com,02-may-2024,1714608000.0,"GoDaddy.com, LLC"
061500.com,061500.com,05-dec-2023,1701734400.0,Gname 050 Inc
060sds.com,060sds.com,28-oct-2023,1698451200.0,"NameSilo, LLC"
062sds.xyz,062sds.xyz,22-mar-2024,1711065600.0,"NameSilo, LLC"
0633gb.com,0633gb.com,15-feb-2024,1707955200.0,"OwnRegistrar, Inc."
063521.com,063521.com,23-aug-2023,1692748800.0,"NameSilo, LLC"
063oo.com,063oo.com,29-mar-2024,1711670400.0,"NameSilo, LLC"
064sds.com,064sds.com,28-oct-2023,1698451200.0,"NameSilo, LLC"
063sds.xyz,063sds.xyz,22-mar-2024,1711065600.0,"NameSilo, LLC"
064sds.xyz,064sds.xyz,22-mar-2024,1711065600.0,"NameSilo, LLC"
065415.com,065415.com,30-jun-2024,1719705600.0,"GoDaddy.com, LLC"
0654444.com,0654444.com,01-dec-2023,1701388800.0,"Free Dive Domains, LLC"
0662buy.com,0662buy.com,09-dec-2023,1702080000.0,Gname.com Pte. Ltd.
065sds.xyz,065sds.xyz,02-jun-2024,1717286400.0,"CHENGDU WEST DIMENSION DIGITAL TECHNOLOGY CO., LTD."
06556.vip,06556.vip,21-feb-2024,1708473600.0,Dynadot Inc
0668yl.com,0668yl.com,16-feb-2024,1708041600.0,"Hefei Juming Network Technology Co., Ltd"
0662a.com,0662a.com,21-mar-2024,1710979200.0,Gname.com Pte. Ltd.
0668ht.cn,0668ht.cn,05-apr-2024,1712275200.0,DYNADOTCHINA LLC
066sds.xyz,066sds.xyz,22-mar-2024,1711065600.0,"NameSilo, LLC"
067sds.xyz,067sds.xyz,22-mar-2024,1711065600.0,"NameSilo, LLC"
068sds.xyz,068sds.xyz,22-mar-2024,1711065600.0,"NameSilo, LLC"
067ka.com,067ka.com,26-feb-2024,1708905600.0,Gname.com Pte. Ltd.
066895.com,066895.com,22-sep-2023,1695340800.0,"NameSilo, LLC"
069321.com,069321.com,24-feb-2024,1708732800.0,"NameSilo, LLC"
069sds.xyz,069sds.xyz,22-mar-2024,1711065600.0,"NameSilo, LLC"
06abb.com,06abb.com,16-aug-2023,1692144000.0,"NameSilo, LLC"
06add.com,06add.com,23-jun-2024,1719100800.0,"NameSilo, LLC"
069600.com,069600.com,05-dec-2023,1701734400.0,Heavydomains.net LLC
06aee.com,06aee.com,18-jan-2024,1705536000.0,"NameSilo, LLC"
06agg.com,06agg.com,29-sep-2023,1695945600.0,"NameSilo, LLC"
06azz.com,06azz.com,19-oct-2023,1697673600.0,"NameSilo, LLC"
06att.com,06att.com,18-aug-2023,1692316800.0,"NameSilo, LLC"
06bxbx.com,06bxbx.com,16-aug-2023,1692144000.0,"NameSilo, LLC"
06ddx.com,06ddx.com,22-nov-2023,1700611200.0,"NameSilo, LLC"
06jgc.com,06jgc.com,11-feb-2024,1707609600.0,"NameSilo, LLC"
06dede.com,06dede.com,11-feb-2024,1707609600.0,"NameSilo, LLC"
06ddtv.com,06ddtv.com,16-aug-2023,1692144000.0,"NameSilo, LLC"
06spp.com,06spp.com,30-jul-2023,1690675200.0,"GoDaddy.com, LLC"
06sdsd.com,06sdsd.com,18-aug-2023,1692316800.0,"NameSilo, LLC"
06sds.com,06sds.com,02-may-2024,1714608000.0,"GoDaddy.com, LLC"
06dee.com,06dee.com,11-feb-2024,1707609600.0,"NameSilo, LLC"
06sgc.com,06sgc.com,28-jan-2024,1706400000.0,ALIBABA.COM SINGAPORE E-COMMERCE PRIVATE LIMITED
06xjj.com,06xjj.com,02-may-2024,1714608000.0,"GoDaddy.com, LLC"
06zgg.com,06zgg.com,16-nov-2023,1700092800.0,"NameSilo, LLC"
070sds.xyz,070sds.xyz,22-mar-2024,1711065600.0,"NameSilo, LLC"
0710mg.com,0710mg.com,20-nov-2023,1700438400.0,Gname.com Pte. Ltd.
0701zs.com,0701zs.com,26-may-2024,1716681600.0,Gname.com Pte. Ltd.
0712zs.com,0712zs.com,19-jun-2024,1718755200.0,Gname 038 Inc
071178.com,071178.com,14-sep-2023,1694649600.0,"NameSilo, LLC"
072sds.xyz,072sds.xyz,22-mar-2024,1711065600.0,"NameSilo, LLC"
0722fz.com,0722fz.com,25-apr-2024,1714003200.0,Gname.com Pte. Ltd.
0731le.com,0731le.com,21-jul-2024,1721520000.0,Dynadot Inc
071sds.xyz,071sds.xyz,22-mar-2024,1711065600.0,"NameSilo, LLC"
0719pk.com,0719pk.com,05-mar-2024,1709596800.0,"OwnRegistrar, Inc."
0730jyhk.com,0730jyhk.com,19-mar-2024,1710806400.0,Gname.com Pte. Ltd.
0731nkyy.com,0731nkyy.com,14-dec-2023,1702512000.0,Dynadot Inc
073673.com,073673.com,06-apr-2024,1712361600.0,Eranet International Limited
0734w.net,0734w.net,03-mar-2024,1709424000.0,Gname.com Pte. Ltd.
0735kanger.com,0735kanger.com,18-feb-2024,1708214400.0,Gname.com Pte. Ltd.
0738fcw.com,0738fcw.com,18-feb-2024,1708214400.0,Gname.com Pte. Ltd.
0738jk.com,0738jk.com,01-jan-2024,1704067200.0,Gname 035 Inc
07422.wang,07422.wang,12-dec-2023,1702339200.0,Dynadot LLC
0738jj.com,0738jj.com,06-nov-2023,1699228800.0,Gname.com Pte. Ltd.
0745am.com,0745am.com,15-aug-2023,1692057600.0,Gname.com Pte. Ltd.
073sds.xyz,073sds.xyz,22-mar-2024,1711065600.0,"NameSilo, LLC"
0746ttc.com,0746ttc.com,22-mar-2024,1711065600.0,Gname.com Pte. Ltd.
075074.com,075074.com,21-sep-2023,1695254400.0,"NameSilo, LLC"
0752tl.com,0752tl.com,03-apr-2024,1712102400.0,Eranet International Limited
0746xmt.com,0746xmt.com,25-mar-2024,1711324800.0,Gname.com Pte. Ltd.
0750jiaxin.com,0750jiaxin.com,19-feb-2024,1708300800.0,Gname.com Pte. Ltd.
074sds.xyz,074sds.xyz,22-mar-2024,1711065600.0,"NameSilo, LLC"
0753web.com,0753web.com,25-apr-2024,1714003200.0,Gname.com Pte. Ltd.
0755ck.com,0755ck.com,02-apr-2024,1712016000.0,Gname.com Pte. Ltd.
0755blue.com,0755blue.com,08-feb-2024,1707350400.0,Gname 007 Inc
0755hotels.com,0755hotels.com,23-jun-2024,1719100800.0,DropCatch.com 351 LLC
0755gongguan.com,0755gongguan.com,08-feb-2024,1707350400.0,"Lemon Shark Domains, LLC"
0756ds.com,0756ds.com,17-nov-2023,1700179200.0,Gname.com Pte. Ltd.
0755mzj.com,0755mzj.com,23-oct-2023,1698019200.0,Gname.com Pte. Ltd.
0755xa.com,0755xa.com,15-feb-2024,1707955200.0,"OwnRegistrar, Inc."
0755slt.com,0755slt.com,25-mar-2024,1711324800.0,Gname.com Pte. Ltd.
0757jn.com,0757jn.com,14-jun-2024,1718323200.0,DropCatch.com 555 LLC
0758af.com,0758af.com,05-sep-2023,1693872000.0,"SNAPNAMES 93, LLC"
075sds.xyz,075sds.xyz,22-mar-2024,1711065600.0,"NameSilo, LLC"
075911.com,075911.com,22-sep-2023,1695340800.0,"NameSilo, LLC"
0762jyqc.com,0762jyqc.com,22-feb-2024,1708560000.0,Gname.com Pte. Ltd.
0762668.com,0762668.com,08-mar-2024,1709856000.0,"Hong Kong Juming Network Technology Co., Ltd."
0769guggenheim.com,0769guggenheim.com,16-nov-2023,1700092800.0,Gname.com Pte. Ltd.
0763lc.com,0763lc.com,03-mar-2024,1709424000.0,Gname.com Pte. Ltd.
0768dy.com,0768dy.com,03-apr-2024,1712102400.0,Eranet International Limited
0762wed.com,0762wed.com,18-jan-2024,1705536000.0,Gname 024 Inc
0769hyyq.com,0769hyyq.com,15-mar-2024,1710460800.0,Gname.com Pte. Ltd.
0769wlb.com,0769wlb.com,08-sep-2023,1694131200.0,Dynadot6 LLC
077520.com,077520.com,09-sep-2023,1694217600.0,DropCatch.com 1494 LLC
0769shop.com,0769shop.com,15-jan-2024,1705276800.0,"GMO Internet Group, Inc. d/b/a Onamae.com"
077mu.com,077mu.com,02-sep-2024,1725235200.0,Gname.com Pte. Ltd.
0775zc.com,0775zc.com,13-feb-2024,1707782400.0,"OwnRegistrar, Inc."
076sds.xyz,076sds.xyz,22-mar-2024,1711065600.0,"NameSilo, LLC"
078sds.xyz,078sds.xyz,22-mar-2024,1711065600.0,"NameSilo, LLC"
0791jxw.com,0791jxw.com,05-apr-2024,1712275200.0,Gname.com Pte. Ltd.
077sds.xyz,077sds.xyz,22-mar-2024,1711065600.0,"NameSilo, LLC"
0791nk.com,0791nk.com,25-apr-2024,1714003200.0,Gname.com Pte. Ltd.
0797dcw.com,0797dcw.com,06-feb-2024,1707177600.0,CV. JOGJACAMP
0796114.net,0796114.net,14-dec-2023,1702512000.0,Gname.com Pte. Ltd.
079sds.xyz,079sds.xyz,22-mar-2024,1711065600.0,"NameSilo, LLC"
0797189.com,0797189.com,27-mar-2024,1711497600.0,Dynadot Inc
07abb.com,07abb.com,16-aug-2023,1692144000.0,"NameSilo, LLC"
079987.com,079987.com,19-sep-2023,1695081600.0,"NameSilo, LLC"
07agg.com,07agg.com,29-sep-2023,1695945600.0,"NameSilo, LLC"
07bxbx.com,07bxbx.com,16-aug-2023,1692144000.0,"NameSilo, LLC"
07azz.com,07azz.com,19-oct-2023,1697673600.0,"NameSilo, LLC"
07att.com,07att.com,18-aug-2023,1692316800.0,"NameSilo, LLC"
07i0d.com,07i0d.com,01-feb-2024,1706745600.0,ALIBABA.COM SINGAPORE E-COMMERCE PRIVATE LIMITED
07ddx.com,07ddx.com,22-nov-2023,1700611200.0,"NameSilo, LLC"
07ddtv.com,07ddtv.com,16-aug-2023,1692144000.0,"NameSilo, LLC"
07dee.com,07dee.com,11-feb-2024,1707609600.0,"NameSilo, LLC"
07sds.com,07sds.com,02-may-2024,1714608000.0,"GoDaddy.com, LLC"
07jgc.com,07jgc.com,11-feb-2024,1707609600.0,"NameSilo, LLC"
07sdsd.com,07sdsd.com,18-aug-2023,1692316800.0,"NameSilo, LLC"
07xjj.com,07xjj.com,02-may-2024,1714608000.0,"GoDaddy.com, LLC"
07zgg.com,07zgg.com,16-nov-2023,1700092800.0,"NameSilo, LLC"
07i4tg5.mom,07i4tg5.mom,03-mar-2024,1709424000.0,"Name.com, Inc"
080362.com,080362.com,21-sep-2023,1695254400.0,"NameSilo, LLC"
08080808.com,08080808.com,08-sep-2023,1694131200.0,DropCatch.com 1244 LLC
080sds.xyz,080sds.xyz,22-mar-2024,1711065600.0,"NameSilo, LLC"
081xxx.com,081xxx.com,29-jun-2023,1687996800.0,"GoDaddy.com, LLC"
0817zy.com,0817zy.com,13-nov-2023,1699833600.0,Gname.com Pte. Ltd.
0818zp.com,0818zp.com,14-aug-2023,1691971200.0,"GoDaddy.com, LLC"
08213.wang,08213.wang,12-dec-2023,1702339200.0,Dynadot LLC
0833njnk.com,0833njnk.com,17-aug-2023,1692230400.0,"GoDaddy.com, LLC"
0830hfj.com,0830hfj.com,05-mar-2024,1709596800.0,"Hong Kong Juming Network Technology Co., Ltd."
082sds.xyz,082sds.xyz,22-mar-2024,1711065600.0,"NameSilo, LLC"
0834rcw.com,0834rcw.com,16-nov-2023,1700092800.0,Gname.com Pte. Ltd.
085415.com,085415.com,30-jun-2024,1719705600.0,"GoDaddy.com, LLC"
086027.com,086027.com,24-sep-2023,1695513600.0,"NameSilo, LLC"
08610.wang,08610.wang,13-dec-2023,1702425600.0,Dynadot LLC
085110.com,085110.com,13-sep-2023,1694563200.0,"NameSilo, LLC"
084sds.xyz,084sds.xyz,22-mar-2024,1711065600.0,"NameSilo, LLC"
086ka.com,086ka.com,26-feb-2024,1708905600.0,Gname.com Pte. Ltd.
0871gk.com,0871gk.com,12-mar-2024,1710201600.0,Gname.com Pte. Ltd.
086sds.xyz,086sds.xyz,22-mar-2024,1711065600.0,"NameSilo, LLC"
087m5.xyz,087m5.xyz,24-dec-2023,1703376000.0,ALIBABA.COM SINGAPORE E-COMMERCE PRIVATE LIMITED
087p.com,087p.com,07-dec-2023,1701907200.0,"Hong Kong Juming Network Technology Co., Ltd."
087sds.xyz,087sds.xyz,22-mar-2024,1711065600.0,"NameSilo, LLC"
088sds.xyz,088sds.xyz,22-mar-2024,1711065600.0,"NameSilo, LLC"
0898com.com,0898com.com,09-sep-2023,1694217600.0,Domainsoftheday.net LLC
08abb.com,08abb.com,16-aug-2023,1692144000.0,"NameSilo, LLC"
0898dz.net,0898dz.net,26-apr-2024,1714089600.0,Gname.com Pte. Ltd.
08agg.com,08agg.com,29-sep-2023,1695945600.0,"NameSilo, LLC"
08att.com,08att.com,18-aug-2023,1692316800.0,"NameSilo, LLC"
08ddtv.com,08ddtv.com,16-aug-2023,1692144000.0,"NameSilo, LLC"
08azz.com,08azz.com,19-oct-2023,1697673600.0,"NameSilo, LLC"
08hs.com,08hs.com,04-sep-2024,1725408000.0,Gname.com Pte. Ltd.
08bxbx.com,08bxbx.com,16-aug-2023,1692144000.0,"NameSilo, LLC"
08jgc.com,08jgc.com,11-feb-2024,1707609600.0,"NameSilo, LLC"
08dede.com,08dede.com,11-feb-2024,1707609600.0,"NameSilo, LLC"
08ddx.com,08ddx.com,22-nov-2023,1700611200.0,"NameSilo, LLC"
08dee.com,08dee.com,11-feb-2024,1707609600.0,"NameSilo, LLC"
08sds.com,08sds.com,02-may-2024,1714608000.0,"GoDaddy.com, LLC"
09106.wang,09106.wang,11-dec-2023,1702252800.0,Dynadot LLC
08sports.com,08sports.com,05-sep-2023,1693872000.0,DropCatch.com 1478 LLC
0931-power.com,0931-power.com,14-jun-2024,1718323200.0,"GMO Internet Group, Inc. d/b/a Onamae.com"
08zgg.com,08zgg.com,16-nov-2023,1700092800.0,"NameSilo, LLC"
08xjj.com,08xjj.com,02-may-2024,1714608000.0,"GoDaddy.com, LLC"
0908123.com,0908123.com,07-sep-2023,1694044800.0,Dynadot6 LLC
0931tyl.net,0931tyl.net,13-mar-2024,1710288000.0,Dynadot Inc
095415.com,095415.com,30-jun-2024,1719705600.0,"GoDaddy.com, LLC"
096586.com,096586.com,25-mar-2024,1711324800.0,Gname.com Pte. Ltd.
0971ly.com,0971ly.com,05-mar-2024,1709596800.0,"Hong Kong Juming Network Technology Co., Ltd."
096711.com,096711.com,21-sep-2023,1695254400.0,"NameSilo, LLC"
098325.com,098325.com,13-aug-2023,1691884800.0,"GoDaddy.com, LLC"
097385.com,097385.com,15-sep-2023,1694736000.0,"NameSilo, LLC"
09abb.com,09abb.com,16-aug-2023,1692144000.0,"NameSilo, LLC"
098351.com,098351.com,13-aug-2023,1691884800.0,"GoDaddy.com, LLC"
09agg.com,09agg.com,29-sep-2023,1695945600.0,"NameSilo, LLC"
0989912538.com,0989912538.com,06-sep-2023,1693958400.0,DomainCritics LLC
09att.com,09att.com,18-aug-2023,1692316800.0,"NameSilo, LLC"
098607.com,098607.com,13-aug-2023,1691884800.0,"GoDaddy.com, LLC"
09add.com,09add.com,23-jun-2024,1719100800.0,"NameSilo, LLC"
09azz.com,09azz.com,19-oct-2023,1697673600.0,"NameSilo, LLC"
09bxbx.com,09bxbx.com,16-aug-2023,1692144000.0,"NameSilo, LLC"
09ddtv.com,09ddtv.com,16-aug-2023,1692144000.0,"NameSilo, LLC"
09dede.com,09dede.com,11-feb-2024,1707609600.0,"NameSilo, LLC"
09ddx.com,09ddx.com,22-nov-2023,1700611200.0,"NameSilo, LLC"
09sxsx.com,09sxsx.com,24-mar-2024,1711238400.0,"NameSilo, LLC"
09sds.com,09sds.com,02-may-2024,1714608000.0,"GoDaddy.com, LLC"
09sdsd.com,09sdsd.com,18-aug-2023,1692316800.0,"NameSilo, LLC"
09dee.com,09dee.com,11-feb-2024,1707609600.0,"NameSilo, LLC"
0gs64.com,0gs64.com,30-jan-2024,1706572800.0,ALIBABA.COM SINGAPORE E-COMMERCE PRIVATE LIMITED
09xjj.com,09xjj.com,02-may-2024,1714608000.0,"GoDaddy.com, LLC"
09zgg.com,09zgg.com,16-nov-2023,1700092800.0,"NameSilo, LLC"
0dwz.com,0dwz.com,25-feb-2024,1708819200.0,Gname.com Pte. Ltd.
0mze.com,0mze.com,19-apr-2024,1713484800.0,"OwnRegistrar, Inc."
0ih20.xyz,0ih20.xyz,24-dec-2023,1703376000.0,ALIBABA.COM SINGAPORE E-COMMERCE PRIVATE LIMITED
0kdnt.cyou,0kdnt.cyou,13-jan-2024,1705104000.0,ALIBABA.COM SINGAPORE E-COMMERCE PRIVATE LIMITED
0n8bi.com,0n8bi.com,02-feb-2024,1706832000.0,ALIBABA.COM SINGAPORE E-COMMERCE PRIVATE LIMITED
0jcu8.xyz,0jcu8.xyz,21-jan-2024,1705795200.0,"Go Daddy, LLC"
1-04.productions,1-04.productions,25-feb-2024,1708819200.0,"Dynadot, LLC"
1-05.productions,1-05.productions,25-feb-2024,1708819200.0,"Dynadot, LLC"
1-07.productions,1-07.productions,25-feb-2024,1708819200.0,"Dynadot, LLC"
1-08.productions,1-08.productions,25-feb-2024,1708819200.0,"Dynadot, LLC"
1-09.productions,1-09.productions,25-feb-2024,1708819200.0,"Dynadot, LLC"
1-10.productions,1-10.productions,25-feb-2024,1708819200.0,"Dynadot, LLC"
1-14.productions,1-14.productions,25-feb-2024,1708819200.0,"Dynadot, LLC"
1-45.productions,1-45.productions,26-feb-2024,1708905600.0,"Dynadot, LLC"
1-21.voto,1-21.voto,04-mar-2024,1709510400.0,Porkbun LLC
1-49.productions,1-49.productions,26-feb-2024,1708905600.0,"Dynadot, LLC"
1-54.productions,1-54.productions,26-feb-2024,1708905600.0,"Dynadot, LLC"
0odvg.com,0odvg.com,28-jan-2024,1706400000.0,ALIBABA.COM SINGAPORE E-COMMERCE PRIVATE LIMITED
1-70.productions,1-70.productions,25-feb-2024,1708819200.0,"Dynadot, LLC"
1-80.productions,1-80.productions,25-feb-2024,1708819200.0,"Dynadot, LLC"
1-87.voto,1-87.voto,03-mar-2024,1709424000.0,Porkbun LLC
1-88.productions,1-88.productions,25-feb-2024,1708819200.0,"Dynadot, LLC"
1-89.productions,1-89.productions,25-feb-2024,1708819200.0,"Dynadot, LLC"
1-90.productions,1-90.productions,25-feb-2024,1708819200.0,"Dynadot, LLC"
1-97.productions,1-97.productions,25-feb-2024,1708819200.0,"Dynadot, LLC"
1-parts.com,1-parts.com,06-dec-2023,1701820800.0,Domainplace LLC
1-98.productions,1-98.productions,25-feb-2024,1708819200.0,"Dynadot, LLC"
1-pon.com,1-pon.com,31-jan-2024,1706659200.0,"Gransy, s.r.o."
10-25.productions,10-25.productions,05-mar-2024,1709596800.0,"Dynadot, LLC"
0v26r.xyz,0v26r.xyz,02-feb-2024,1706832000.0,ALIBABA.COM SINGAPORE E-COMMERCE PRIVATE LIMITED
0t5vt.xyz,0t5vt.xyz,02-feb-2024,1706832000.0,ALIBABA.COM SINGAPORE E-COMMERCE PRIVATE LIMITED
1000yiqi.com,1000yiqi.com,16-nov-2023,1700092800.0,Gname.com Pte. Ltd.
10000zhong.com,10000zhong.com,19-jun-2024,1718755200.0,DropCatch.com 502 LLC
1000porn.com,1000porn.com,12-dec-2023,1702339200.0,Danesco Trading Ltd.
100141.com,100141.com,28-oct-2023,1698451200.0,"NameSilo, LLC"
10000sh.net,10000sh.net,05-dec-2023,1701734400.0,Key-Systems GmbH
1002ye.com,1002ye.com,12-aug-2023,1691798400.0,"GoDaddy.com, LLC"
100374.com,100374.com,28-oct-2023,1698451200.0,"NameSilo, LLC"
1001xxx.com,1001xxx.com,12-dec-2023,1702339200.0,Danesco Trading Ltd.
100342.com,100342.com,28-oct-2023,1698451200.0,"NameSilo, LLC"
100347.com,100347.com,28-oct-2023,1698451200.0,"NameSilo, LLC"
100391.com,100391.com,28-oct-2023,1698451200.0,"NameSilo, LLC"
100411.com,100411.com,28-oct-2023,1698451200.0,"NameSilo, LLC"
100420.com,100420.com,28-oct-2023,1698451200.0,"NameSilo, LLC"
100452.com,100452.com,28-oct-2023,1698451200.0,"NameSilo, LLC"
100463.com,100463.com,28-oct-2023,1698451200.0,"NameSilo, LLC"
100469.com,100469.com,28-oct-2023,1698451200.0,"NameSilo, LLC"
100439.com,100439.com,28-oct-2023,1698451200.0,"NameSilo, LLC"
100473.com,100473.com,28-oct-2023,1698451200.0,"NameSilo, LLC"
100483.com,100483.com,28-oct-2023,1698451200.0,"NameSilo, LLC"
100475.com,100475.com,28-oct-2023,1698451200.0,"NameSilo, LLC"
100481.com,100481.com,28-oct-2023,1698451200.0,"NameSilo, LLC"
100487.com,100487.com,28-oct-2023,1698451200.0,"NameSilo, LLC"
100493.com,100493.com,28-oct-2023,1698451200.0,"NameSilo, LLC"
100497.com,100497.com,28-oct-2023,1698451200.0,"NameSilo, LLC"
100486.com,100486.com,28-oct-2023,1698451200.0,"NameSilo, LLC"
100526.com,100526.com,28-oct-2023,1698451200.0,"NameSilo, LLC"
100563.com,100563.com,28-oct-2023,1698451200.0,"NameSilo, LLC"
100573.com,100573.com,28-oct-2023,1698451200.0,"NameSilo, LLC"
100643.com,100643.com,28-oct-2023,1698451200.0,"NameSilo, LLC"
100646.com,100646.com,28-oct-2023,1698451200.0,"NameSilo, LLC"
100626.com,100626.com,06-oct-2023,1696550400.0,"NameSilo, LLC"
100647.com,100647.com,28-oct-2023,1698451200.0,"NameSilo, LLC"
100726.com,100726.com,28-oct-2023,1698451200.0,"NameSilo, LLC"
100593.com,100593.com,28-oct-2023,1698451200.0,"NameSilo, LLC"
100693.com,100693.com,28-oct-2023,1698451200.0,"NameSilo, LLC"
100782.com,100782.com,28-oct-2023,1698451200.0,"NameSilo, LLC"
100794.com,100794.com,28-oct-2023,1698451200.0,"NameSilo, LLC"
100792.com,100792.com,28-oct-2023,1698451200.0,"NameSilo, LLC"
1008292.com,1008292.com,06-apr-2024,1712361600.0,Eranet International Limited
10086sjw.com,10086sjw.com,13-aug-2023,1691884800.0,"GoDaddy.com, LLC"
100835.com,100835.com,28-oct-2023,1698451200.0,"NameSilo, LLC"
100860769.com,100860769.com,07-sep-2023,1694044800.0,DropCatch.com 1534 LLC
100963.com,100963.com,28-oct-2023,1698451200.0,"NameSilo, LLC"
100dili.com,100dili.com,28-may-2024,1716854400.0,Gname.com Pte. Ltd.
100fz1xcx.com,100fz1xcx.com,27-jul-2023,1690416000.0,Web Commerce Communications Limited dba WebNic.cc
100baohe.com,100baohe.com,08-sep-2023,1694131200.0,Dynadot8 LLC
100fen100gou.com,100fen100gou.com,26-may-2024,1716681600.0,Gname.com Pte. Ltd.
100kjk.com,100kjk.com,17-nov-2023,1700179200.0,Gname.com Pte. Ltd.
100pornsites.com,100pornsites.com,15-mar-2024,1710460800.0,Epik Inc.
100zsk.com,100zsk.com,08-sep-2023,1694131200.0,Gname.com Pte. Ltd.
101milf.com,101milf.com,14-aug-2024,1723593600.0,Danesco Trading Ltd.
10156201.com,10156201.com,02-jan-2024,1704153600.0,Gname 047 Inc
101japanese.com,101japanese.com,02-apr-2024,1712016000.0,Danesco Trading Ltd.
1017zj.com,1017zj.com,18-feb-2024,1708214400.0,Gname.com Pte. Ltd.
101sheying.com,101sheying.com,28-mar-2024,1711584000.0,Dynadot Inc
1021w.com,1021w.com,04-sep-2023,1693785600.0,DropCatch.com 1091 LLC
1022yx.com,1022yx.com,04-apr-2024,1712188800.0,Eranet International Limited
101sds.com,101sds.com,01-sep-2023,1693526400.0,"NameSilo, LLC"
102porno.net,102porno.net,03-nov-2023,1698969600.0,"NameCheap, Inc."
10234.org,10234.org,06-mar-2024,1709683200.0,"Dynadot, LLC"
103154.com,103154.com,24-sep-2023,1695513600.0,"NameSilo, LLC"
103142.com,103142.com,24-sep-2023,1695513600.0,"NameSilo, LLC"
102porno.club,102porno.club,06-jul-2023,1688601600.0,"NameCheap, Inc."
102model.com,102model.com,03-jan-2025,1735862400.0,"NameSilo, LLC"
103700.com,103700.com,25-aug-2023,1692921600.0,"NameSilo, LLC"
10369.vip,10369.vip,26-oct-2023,1698278400.0,"Wild West Domains, Inc."
10399.wang,10399.wang,12-dec-2023,1702339200.0,Dynadot LLC
104temp.com,104temp.com,09-apr-2024,1712620800.0,Eranet International Limited
105matures.com,105matures.com,19-may-2024,1716076800.0,"NameSilo, LLC"
104sds.com,104sds.com,01-sep-2023,1693526400.0,"NameSilo, LLC"
10367.vip,10367.vip,26-oct-2023,1698278400.0,"Blue Razor Domains, LLC"
106811.com,106811.com,17-sep-2023,1694908800.0,"NameSilo, LLC"
106589.com,106589.com,11-aug-2023,1691712000.0,"NameSilo, LLC"
105105.mom,105105.mom,01-mar-2024,1709251200.0,"Name.com, Inc"
107583.com,107583.com,07-nov-2023,1699315200.0,Gname.com Pte. Ltd.
1069hz.com,1069hz.com,19-nov-2023,1700352000.0,Domain Best Limited
10816.wang,10816.wang,13-dec-2023,1702425600.0,Dynadot LLC
105sds.com,105sds.com,01-sep-2023,1693526400.0,"NameSilo, LLC"
10abb.com,10abb.com,16-aug-2023,1692144000.0,"NameSilo, LLC"
108sds.com,108sds.com,01-sep-2023,1693526400.0,"NameSilo, LLC"
108296.com,108296.com,12-oct-2023,1697068800.0,"NameSilo, LLC"
10ddtv.com,10ddtv.com,16-aug-2023,1692144000.0,"NameSilo, LLC"
10caiji.com,10caiji.com,11-may-2024,1715385600.0,"NameSilo, LLC"
10aee.com,10aee.com,18-jan-2024,1705536000.0,"NameSilo, LLC"
10hao.online,10hao.online,01-mar-2024,1709251200.0,"Name.com, Inc"
10agg.com,10agg.com,29-sep-2023,1695945600.0,"NameSilo, LLC"
10haoa.online,10haoa.online,01-mar-2024,1709251200.0,"Name.com, Inc"
10ddx.com,10ddx.com,22-nov-2023,1700611200.0,"NameSilo, LLC"
10haob.online,10haob.online,01-mar-2024,1709251200.0,"Name.com, Inc"
10hotlive.cc,10hotlive.cc,26-mar-2024,1711411200.0,"GoDaddy.com, LLC"
10hotlive.com,10hotlive.com,26-mar-2024,1711411200.0,"GoDaddy.com, LLC"
10haod.online,10haod.online,01-mar-2024,1709251200.0,"Name.com, Inc"
10haof.online,10haof.online,01-mar-2024,1709251200.0,"Name.com, Inc"
10haoc.online,10haoc.online,01-mar-2024,1709251200.0,"Name.com, Inc"
10haoe.online,10haoe.online,01-mar-2024,1709251200.0,"Name.com, Inc"
10musume.com,10musume.com,18-jul-2024,1721260800.0,"Network Solutions, LLC"
10sds.com,10sds.com,02-may-2024,1714608000.0,"GoDaddy.com, LLC"
10sell.com,10sell.com,15-aug-2023,1692057600.0,Gname.com Pte. Ltd.
10xxw.com,10xxw.com,18-nov-2023,1700265600.0,Key-Systems GmbH
11-15.productions,11-15.productions,05-mar-2024,1709596800.0,"Dynadot, LLC"
10sdsd.com,10sdsd.com,18-aug-2023,1692316800.0,"NameSilo, LLC"
11-18.productions,11-18.productions,05-mar-2024,1709596800.0,"Dynadot, LLC"
11-77.productions,11-77.productions,06-mar-2024,1709683200.0,"Dynadot, LLC"
11-lib.com,11-lib.com,25-oct-2023,1698192000.0,Dynadot Inc
10sxsx.com,10sxsx.com,24-mar-2024,1711238400.0,"NameSilo, LLC"
110forex.com,110forex.com,07-dec-2023,1701907200.0,"Hong Kong Juming Network Technology Co., Ltd."
110liandong.com,110liandong.com,31-jul-2023,1690761600.0,Gname.com Pte. Ltd.
10zgg.com,10zgg.com,16-nov-2023,1700092800.0,"NameSilo, LLC"
1111ak.com,1111ak.com,12-oct-2023,1697068800.0,"GoDaddy.com, LLC"
1111cg.com,1111cg.com,02-may-2024,1714608000.0,"NameSilo, LLC"
110sds.com,110sds.com,01-sep-2023,1693526400.0,"NameSilo, LLC"
10xjj.com,10xjj.com,02-may-2024,1714608000.0,"GoDaddy.com, LLC"
1111cj.com,1111cj.com,02-may-2024,1714608000.0,"NameSilo, LLC"
1111ft.com,1111ft.com,02-may-2024,1714608000.0,"NameSilo, LLC"
1111ec.com,1111ec.com,05-nov-2023,1699142400.0,"GoDaddy.com, LLC"
1111ez.com,1111ez.com,12-feb-2024,1707696000.0,"NameSilo, LLC"
1111fj.com,1111fj.com,02-may-2024,1714608000.0,"NameSilo, LLC"
1111fd.com,1111fd.com,02-may-2024,1714608000.0,"NameSilo, LLC"
1111kc.com,1111kc.com,30-mar-2024,1711756800.0,"NameSilo, LLC"
1111je.com,1111je.com,28-dec-2023,1703721600.0,"NameSilo, LLC"
1111ke.com,1111ke.com,30-mar-2024,1711756800.0,"NameSilo, LLC"
1111kf.com,1111kf.com,21-jul-2024,1721520000.0,"GoDaddy.com, LLC"
1111fw.com,1111fw.com,02-may-2024,1714608000.0,"NameSilo, LLC"
1111kt.com,1111kt.com,18-may-2024,1715990400.0,"NameSilo, LLC"
1111mq.com,1111mq.com,28-dec-2023,1703721600.0,"NameSilo, LLC"
1111wy.com,1111wy.com,28-dec-2023,1703721600.0,"NameSilo, LLC"
1111xe.com,1111xe.com,23-dec-2023,1703289600.0,"NameSilo, LLC"
1111zp.com,1111zp.com,25-aug-2023,1692921600.0,"GoDaddy.com, LLC"
1111xz.com,1111xz.com,08-nov-2023,1699401600.0,"NameSilo, LLC"
1111yq.com,1111yq.com,28-dec-2023,1703721600.0,"NameSilo, LLC"
1111zq.com,1111zq.com,28-dec-2023,1703721600.0,"NameSilo, LLC"
1111td.com,1111td.com,28-dec-2023,1703721600.0,"NameSilo, LLC"
1111tq.com,1111tq.com,28-dec-2023,1703721600.0,"NameSilo, LLC"
11133.mom,11133.mom,20-may-2024,1716163200.0,"Porkbun, LLC"
11144.mom,11144.mom,21-may-2024,1716249600.0,"Porkbun, LLC"
11122.mom,11122.mom,20-may-2024,1716163200.0,"Porkbun, LLC"
11178.net,11178.net,06-sep-2023,1693958400.0,MAT BAO CORPORATION
111lsg.com,111lsg.com,13-apr-2024,1712966400.0,"NameSilo, LLC"
111oooo.com,111oooo.com,08-sep-2023,1694131200.0,Dynadot4 LLC
1122f.com,1122f.com,11-jun-2024,1718064000.0,"NameSilo, LLC"
111deli.com,111deli.com,08-dec-2023,1701993600.0,"Hong Kong Juming Network Technology Co., Ltd."
1125zp.com,1125zp.com,03-feb-2024,1706918400.0,"GoDaddy.com, LLC"
1124222.com,1124222.com,08-sep-2023,1694131200.0,Dynadot6 LLC
1116666.net,1116666.net,12-sep-2023,1694476800.0,"OwnRegistrar, Inc."
1124777.com,1124777.com,08-sep-2023,1694131200.0,Dynadot4 LLC
113231.com,113231.com,15-aug-2023,1692057600.0,Dynadot Inc
113721.com,113721.com,30-oct-2023,1698624000.0,"NameSilo, LLC"
11338.work,11338.work,13-oct-2023,1697155200.0,Dynadot Inc
114-hotel.com,114-hotel.com,23-jun-2024,1719100800.0,DropCatch.com 839 LLC
113169.com,113169.com,11-aug-2023,1691712000.0,"NameSilo, LLC"
113113.vip,113113.vip,29-nov-2023,1701216000.0,"GoDaddy.com, LLC"
11419.net,11419.net,22-feb-2024,1708560000.0,Dynadot Inc
113kk.com,113kk.com,25-apr-2024,1714003200.0,Gname.com Pte. Ltd.
114gcj.com,114gcj.com,26-jan-2024,1706227200.0,Gname 037 Inc
114pa.com,114pa.com,16-nov-2024,1731715200.0,Gname.com Pte. Ltd.
113sds.com,113sds.com,01-sep-2023,1693526400.0,"NameSilo, LLC"
114fc.net,114fc.net,22-jun-2024,1719014400.0,DropCatch.com 471 LLC
114dai.com,114dai.com,04-jul-2024,1720051200.0,Gname.com Pte. Ltd.
115106.com,115106.com,24-sep-2023,1695513600.0,"NameSilo, LLC"
115115.mom,115115.mom,01-mar-2024,1709251200.0,"Name.com, Inc"
116114cr.com,116114cr.com,14-aug-2023,1691971200.0,"GoDaddy.com, LLC"
114tj.net,114tj.net,18-nov-2023,1700265600.0,Gname.com Pte. Ltd.
1153xx.com,1153xx.com,24-jul-2023,1690156800.0,"NameSilo, LLC"
11617.net,11617.net,23-feb-2024,1708646400.0,Dynadot Inc
11641.net,11641.net,23-feb-2024,1708646400.0,Dynadot Inc
115sds.com,115sds.com,01-sep-2023,1693526400.0,"NameSilo, LLC"
116almet.ru,116almet.ru,23-sep-2023,1695427200.0,DOMAINSHOP-RU
116tao.com,116tao.com,14-mar-2024,1710374400.0,Dynadot Inc
116858.com,116858.com,21-aug-2023,1692576000.0,"NameSilo, LLC"
117018.com,117018.com,14-sep-2023,1694649600.0,"NameSilo, LLC"
116sds.com,116sds.com,01-sep-2023,1693526400.0,"NameSilo, LLC"
116666.net,116666.net,12-sep-2023,1694476800.0,"OwnRegistrar, Inc."
11708.wang,11708.wang,15-dec-2023,1702598400.0,Dynadot LLC
11713.net,11713.net,22-feb-2024,1708560000.0,Dynadot Inc
11777.wang,11777.wang,13-dec-2023,1702425600.0,Dynadot LLC
11856.wang,11856.wang,13-dec-2023,1702425600.0,Dynadot LLC
117109.com,117109.com,24-sep-2023,1695513600.0,"NameSilo, LLC"
117117.vip,117117.vip,29-nov-2023,1701216000.0,Go China Domains Inc
117106.com,117106.com,24-sep-2023,1695513600.0,"NameSilo, LLC"
118561.com,118561.com,07-feb-2024,1707264000.0,Gname.com Pte. Ltd.
11952.net,11952.net,18-feb-2024,1708214400.0,Dynadot Inc
11agg.com,11agg.com,29-sep-2023,1695945600.0,"NameSilo, LLC"
11axax.com,11axax.com,28-dec-2023,1703721600.0,"NameSilo, LLC"
11abc.xyz,11abc.xyz,28-sep-2023,1695859200.0,Namecheap
11azz.com,11azz.com,19-oct-2023,1697673600.0,"NameSilo, LLC"
11ddtv.com,11ddtv.com,16-aug-2023,1692144000.0,"NameSilo, LLC"
11caiji.com,11caiji.com,11-may-2024,1715385600.0,"NameSilo, LLC"
11dkfp.com,11dkfp.com,08-mar-2024,1709856000.0,"Hong Kong Juming Network Technology Co., Ltd."
11ddx.com,11ddx.com,11-may-2024,1715385600.0,"NameSilo, LLC"
11hao.online,11hao.online,01-mar-2024,1709251200.0,"Name.com, Inc"
11dee.com,11dee.com,11-feb-2024,1707609600.0,"NameSilo, LLC"
11haob.online,11haob.online,01-mar-2024,1709251200.0,"Name.com, Inc"
11haoa.online,11haoa.online,01-mar-2024,1709251200.0,"Name.com, Inc"
11haoc.online,11haoc.online,01-mar-2024,1709251200.0,"Name.com, Inc"
11haod.online,11haod.online,01-mar-2024,1709251200.0,"Name.com, Inc"
11ttbt.com,11ttbt.com,21-feb-2024,1708473600.0,"OwnRegistrar, Inc."
11haoe.online,11haoe.online,01-mar-2024,1709251200.0,"Name.com, Inc"
11xbb.com,11xbb.com,22-nov-2023,1700611200.0,"NameSilo, LLC"
11pcpc.com,11pcpc.com,08-sep-2023,1694131200.0,"GoDaddy.com, LLC"
11zgg.com,11zgg.com,16-nov-2023,1700092800.0,"NameSilo, LLC"
11kvkv.com,11kvkv.com,21-jul-2023,1689897600.0,"NameSilo, LLC"
12-08.productions,12-08.productions,06-mar-2024,1709683200.0,"Dynadot, LLC"
12-70.productions,12-70.productions,06-mar-2024,1709683200.0,"Dynadot, LLC"
11haof.online,11haof.online,01-mar-2024,1709251200.0,"Name.com, Inc"
120guahaowang.com,120guahaowang.com,24-aug-2023,1692835200.0,NameJolt.com LLC
11xxoo.net,11xxoo.net,09-mar-2024,1709942400.0,Eranet International Limited
121079.com,121079.com,14-aug-2023,1691971200.0,"GoDaddy.com, LLC"
120187.com,120187.com,04-mar-2024,1709510400.0,"NameSilo, LLC"
121eye.com,121eye.com,17-aug-2023,1692230400.0,"GoDaddy.com, LLC"
1204led.com,1204led.com,25-mar-2024,1711324800.0,Gname.com Pte. Ltd.
120sds.com,120sds.com,01-sep-2023,1693526400.0,"NameSilo, LLC"
121sds.com,121sds.com,01-sep-2023,1693526400.0,"NameSilo, LLC"
122054.com,122054.com,12-jun-2024,1718150400.0,"NameSilo, LLC"
1222f.com,1222f.com,08-sep-2023,1694131200.0,Dynadot7 LLC
1222b.com,1222b.com,08-sep-2023,1694131200.0,Dynadot7 LLC
122382.com,122382.com,12-jun-2024,1718150400.0,"NameSilo, LLC"
122149.com,122149.com,12-jun-2024,1718150400.0,"NameSilo, LLC"
122949.com,122949.com,30-jun-2024,1719705600.0,"NameSilo, LLC"
122427.com,122427.com,30-jun-2024,1719705600.0,"NameSilo, LLC"
122431.com,122431.com,30-jun-2024,1719705600.0,"NameSilo, LLC"
123-6.com,123-6.com,07-sep-2023,1694044800.0,DropCatch.com 844 LLC
1226yeel.com,1226yeel.com,03-jan-2024,1704240000.0,GNAME 014 INC
122802.com,122802.com,04-jan-2024,1704326400.0,"NameSilo, LLC"
122ap.com,122ap.com,12-jun-2024,1718150400.0,"NameCheap, Inc."
1234picz.com,1234picz.com,17-jan-2024,1705449600.0,Dynadot Inc
1232345.net,1232345.net,08-mar-2024,1709856000.0,Eranet International Limited
123de.xyz,123de.xyz,04-mar-2024,1709510400.0,"Go Daddy, LLC"
123daili.net,123daili.net,05-dec-2023,1701734400.0,Key-Systems GmbH
1234bcw.com,1234bcw.com,30-jan-2024,1706572800.0,GNAME 013 INC
12366a.com,12366a.com,02-mar-2024,1709337600.0,Dynadot Inc
123fuq.com,123fuq.com,12-dec-2023,1702339200.0,Danesco Trading Ltd.
123porn.com,123porn.com,09-jun-2024,1717891200.0,"Name.com, Inc."
123mtrsy.com,123mtrsy.com,26-may-2024,1716681600.0,Gname.com Pte. Ltd.
123doujin.com,123doujin.com,28-jul-2023,1690502400.0,"NameCheap, Inc."
123eadd.mom,123eadd.mom,03-mar-2024,1709424000.0,"Name.com, Inc"
123sex.top,123sex.top,08-jul-2024,1720396800.0,Openprovider
123porntube.com,123porntube.com,12-dec-2023,1702339200.0,Danesco Trading Ltd.
123thaitravel.com,123thaitravel.com,08-feb-2024,1707350400.0,Gname.com Pte. Ltd.
123lvse.com,123lvse.com,19-jun-2024,1718755200.0,DropCatch.com 589 LLC
12417.wang,12417.wang,15-dec-2023,1702598400.0,Dynadot LLC
123ysj.com,123ysj.com,03-mar-2024,1709424000.0,Dynadot Inc
12580178.com,12580178.com,05-apr-2024,1712275200.0,Gname.com Pte. Ltd.
126sds.com,126sds.com,01-sep-2023,1693526400.0,"NameSilo, LLC"
12649c.com,12649c.com,04-apr-2024,1712188800.0,Eranet International Limited
126dk.com,126dk.com,01-mar-2024,1709251200.0,Dynadot Inc
125125.mom,125125.mom,01-mar-2024,1709251200.0,"Name.com, Inc"
125de.cam,125de.cam,14-jul-2023,1689292800.0,Dynadot LLC
127958.com,127958.com,12-jan-2024,1705017600.0,Gname 002 Inc
12abb.com,12abb.com,16-aug-2023,1692144000.0,"NameSilo, LLC"
128tlc.com,128tlc.com,13-aug-2023,1691884800.0,"GoDaddy.com, LLC"
12agg.com,12agg.com,29-sep-2023,1695945600.0,"NameSilo, LLC"
127sds.com,127sds.com,01-sep-2023,1693526400.0,"NameSilo, LLC"
12acg.com,12acg.com,25-feb-2024,1708819200.0,Eranet International Limited
12aee.com,12aee.com,18-jan-2024,1705536000.0,"NameSilo, LLC"
12axax.com,12axax.com,28-dec-2023,1703721600.0,"NameSilo, LLC"
12akak.com,12akak.com,30-jun-2024,1719705600.0,"NameSilo, LLC"
12dayss.com,12dayss.com,09-aug-2023,1691539200.0,"GMO Internet Group, Inc. d/b/a Onamae.com"
12att.com,12att.com,18-aug-2023,1692316800.0,"NameSilo, LLC"
12ckck.com,12ckck.com,13-sep-2023,1694563200.0,"NameSilo, LLC"
12bxbx.com,12bxbx.com,02-may-2024,1714608000.0,"GoDaddy.com, LLC"
12ddtv.com,12ddtv.com,16-aug-2023,1692144000.0,"NameSilo, LLC"
12dede.com,12dede.com,11-feb-2024,1707609600.0,"NameSilo, LLC"
12ddx.com,12ddx.com,22-nov-2023,1700611200.0,"NameSilo, LLC"
12hao.online,12hao.online,01-mar-2024,1709251200.0,"Name.com, Inc"
12haoa.online,12haoa.online,01-mar-2024,1709251200.0,"Name.com, Inc"
12haob.online,12haob.online,01-mar-2024,1709251200.0,"Name.com, Inc"
12haod.online,12haod.online,01-mar-2024,1709251200.0,"Name.com, Inc"
12haoc.online,12haoc.online,01-mar-2024,1709251200.0,"Name.com, Inc"
12hdem.com,12hdem.com,11-sep-2023,1694390400.0,"GoDaddy.com, LLC"
12haof.online,12haof.online,01-mar-2024,1709251200.0,"Name.com, Inc"
12haoe.online,12haoe.online,01-mar-2024,1709251200.0,"Name.com, Inc"
12kvkv.com,12kvkv.com,21-jul-2024,1721520000.0,"GoDaddy.com, LLC"
12sdsd.com,12sdsd.com,18-aug-2023,1692316800.0,"NameSilo, LLC"
12pcpc.com,12pcpc.com,08-sep-2023,1694131200.0,"GoDaddy.com, LLC"
12tvtv.com,12tvtv.com,12-feb-2024,1707696000.0,"NameSilo, LLC"
12xbb.com,12xbb.com,22-nov-2023,1700611200.0,"NameSilo, LLC"
12xingfu.com,12xingfu.com,12-feb-2024,1707696000.0,"Hefei Juming Network Technology Co., Ltd"
130007.com,130007.com,31-oct-2023,1698710400.0,"NameSilo, LLC"
12zgg.com,12zgg.com,16-nov-2023,1700092800.0,"NameSilo, LLC"
13071161076.com,13071161076.com,16-may-2024,1715817600.0,Gname.com Pte. Ltd.
131301.com,131301.com,19-mar-2024,1710806400.0,"GoDaddy.com, LLC"
12xjj.com,12xjj.com,02-may-2024,1714608000.0,"GoDaddy.com, LLC"
130jobs.com,130jobs.com,18-nov-2023,1700265600.0,Gname.com Pte. Ltd.
130sds.xyz,130sds.xyz,28-sep-2023,1695859200.0,"NameSilo, LLC"
132436.com,132436.com,21-feb-2024,1708473600.0,"OwnRegistrar, Inc."
131sds.com,131sds.com,18-oct-2023,1697587200.0,"NameSilo, LLC"
13229.wang,13229.wang,13-dec-2023,1702425600.0,Dynadot LLC
132sds.com,132sds.com,18-oct-2023,1697587200.0,"NameSilo, LLC"
132359.com,132359.com,06-oct-2023,1696550400.0,Gname.com Pte. Ltd.
133094.com,133094.com,12-jun-2024,1718150400.0,"NameSilo, LLC"
133024.com,133024.com,12-jun-2024,1718150400.0,"NameSilo, LLC"
133056.com,133056.com,12-jun-2024,1718150400.0,"NameSilo, LLC"
133034.com,133034.com,12-jun-2024,1718150400.0,"NameSilo, LLC"
133237.com,133237.com,12-jun-2024,1718150400.0,"NameSilo, LLC"
1333444.net,1333444.net,07-mar-2024,1709769600.0,Eranet International Limited
133240.com,133240.com,12-jun-2024,1718150400.0,"NameSilo, LLC"
133245.com,133245.com,12-jun-2024,1718150400.0,"NameSilo, LLC"
133sds.xyz,133sds.xyz,28-sep-2023,1695859200.0,"NameSilo, LLC"
133260.com,133260.com,30-jun-2024,1719705600.0,"NameSilo, LLC"
13349.wang,13349.wang,15-dec-2023,1702598400.0,Dynadot LLC
13350d.com,13350d.com,04-apr-2024,1712188800.0,Eranet International Limited
134sds.com,134sds.com,18-oct-2023,1697587200.0,"NameSilo, LLC"
134qwe.space,134qwe.space,03-mar-2024,1709424000.0,"Name.com, Inc"
13507175323.com,13507175323.com,07-sep-2023,1694044800.0,"Domain Original, LLC"
1356978.com,1356978.com,30-jan-2024,1706572800.0,"GoDaddy.com, LLC"
134sds.xyz,134sds.xyz,28-sep-2023,1695859200.0,"NameSilo, LLC"
135198.com,135198.com,17-sep-2023,1694908800.0,"NameSilo, LLC"
135kc.com,135kc.com,16-mar-2024,1710547200.0,Dynadot Inc
135gps.com,135gps.com,15-feb-2024,1707955200.0,"OwnRegistrar, Inc."
135cy.com,135cy.com,27-jan-2024,1706313600.0,Gname.com Pte. Ltd.
13627727197.com,13627727197.com,15-jun-2024,1718409600.0,"PacificDomains, LLC"
135135.mom,135135.mom,01-mar-2024,1709251200.0,"Name.com, Inc"
136825.com,136825.com,19-sep-2023,1695081600.0,"NameSilo, LLC"
136069.com,136069.com,14-sep-2023,1694649600.0,"NameSilo, LLC"
13811863638.com,13811863638.com,09-aug-2023,1691539200.0,Gname.com Pte. Ltd.
138438.com,138438.com,29-oct-2023,1698537600.0,"NameSilo, LLC"
137sds.com,137sds.com,18-oct-2023,1697587200.0,"NameSilo, LLC"
13861e.com,13861e.com,04-apr-2024,1712188800.0,Eranet International Limited
13986297281.com,13986297281.com,12-feb-2024,1707696000.0,"Hefei Juming Network Technology Co., Ltd"
136sds.com,136sds.com,18-oct-2023,1697587200.0,"NameSilo, LLC"
1391880311.com,1391880311.com,27-may-2024,1716768000.0,Gname.com Pte. Ltd.
135nmsp.com,135nmsp.com,16-oct-2023,1697414400.0,"GoDaddy.com, LLC"
139ego.com,139ego.com,07-sep-2023,1694044800.0,DropCatch.com 1156 LLC
139020.com,139020.com,11-dec-2023,1702252800.0,"NameSilo, LLC"
13agg.com,13agg.com,29-sep-2023,1695945600.0,"NameSilo, LLC"
13aee.com,13aee.com,18-jan-2024,1705536000.0,"NameSilo, LLC"
13akak.com,13akak.com,30-jun-2024,1719705600.0,"NameSilo, LLC"
139nmsp.com,139nmsp.com,16-oct-2023,1697414400.0,"GoDaddy.com, LLC"
13att.com,13att.com,18-aug-2023,1692316800.0,"NameSilo, LLC"
13aqq.com,13aqq.com,24-mar-2024,1711238400.0,"NameSilo, LLC"
13axx.com,13axx.com,22-mar-2024,1711065600.0,"NameSilo, LLC"
13azz.com,13azz.com,19-oct-2023,1697673600.0,"NameSilo, LLC"
13axax.com,13axax.com,28-dec-2023,1703721600.0,"NameSilo, LLC"
13ckck.com,13ckck.com,15-sep-2023,1694736000.0,"NameSilo, LLC"
13bxbx.com,13bxbx.com,02-may-2024,1714608000.0,"NameSilo, LLC"
13dede.com,13dede.com,11-feb-2024,1707609600.0,"NameSilo, LLC"
13dee.com,13dee.com,11-feb-2024,1707609600.0,"NameSilo, LLC"
13ddtv.com,13ddtv.com,16-aug-2023,1692144000.0,"NameSilo, LLC"
13foru.com,13foru.com,08-sep-2023,1694131200.0,Dynadot11 LLC
13haoa.online,13haoa.online,01-mar-2024,1709251200.0,"Name.com, Inc"
13ddx.com,13ddx.com,22-nov-2023,1700611200.0,"NameSilo, LLC"
13haoc.online,13haoc.online,01-mar-2024,1709251200.0,"Name.com, Inc"
13haob.online,13haob.online,01-mar-2024,1709251200.0,"Name.com, Inc"
13kvkv.com,13kvkv.com,21-jul-2023,1689897600.0,"NameSilo, LLC"
13haod.online,13haod.online,01-mar-2024,1709251200.0,"Name.com, Inc"
13haof.online,13haof.online,01-mar-2024,1709251200.0,"Name.com, Inc"
13haoe.online,13haoe.online,01-mar-2024,1709251200.0,"Name.com, Inc"
13sds.com,13sds.com,02-may-2024,1714608000.0,"GoDaddy.com, LLC"
13pcpc.com,13pcpc.com,08-sep-2023,1694131200.0,"NameSilo, LLC"
13sdsd.com,13sdsd.com,18-aug-2023,1692316800.0,"NameSilo, LLC"
13xjj.com,13xjj.com,02-may-2024,1714608000.0,"GoDaddy.com, LLC"
13tvtv.com,13tvtv.com,12-feb-2024,1707696000.0,"NameSilo, LLC"
13sxsx.com,13sxsx.com,24-mar-2024,1711238400.0,"NameSilo, LLC"
14-09.productions,14-09.productions,06-mar-2024,1709683200.0,"Dynadot, LLC"
14-18.productions,14-18.productions,05-mar-2024,1709596800.0,"Dynadot, LLC"
14-49.productions,14-49.productions,02-mar-2024,1709337600.0,"Dynadot, LLC"
13spp.com,13spp.com,30-jul-2023,1690675200.0,"NameSilo, LLC"
13xbb.com,13xbb.com,22-nov-2023,1700611200.0,"NameSilo, LLC"
142av.com,142av.com,22-jul-2023,1689984000.0,Gname.com Pte. Ltd.
142016.com,142016.com,08-sep-2023,1694131200.0,Dynadot13 LLC
144005.com,144005.com,12-jun-2024,1718150400.0,"NameSilo, LLC"
1408s.com,1408s.com,15-aug-2023,1692057600.0,Gname.com Pte. Ltd.
143sds.com,143sds.com,18-oct-2023,1697587200.0,"NameSilo, LLC"
13zgg.com,13zgg.com,16-nov-2023,1700092800.0,"NameSilo, LLC"
144036.com,144036.com,12-jun-2024,1718150400.0,"NameSilo, LLC"
144480.com,144480.com,30-jun-2024,1719705600.0,"NameSilo, LLC"
144489.com,144489.com,30-jun-2024,1719705600.0,"NameSilo, LLC"
144sds.xyz,144sds.xyz,28-sep-2023,1695859200.0,"NameSilo, LLC"
144039.com,144039.com,12-jun-2024,1718150400.0,"NameSilo, LLC"
144045.com,144045.com,12-jun-2024,1718150400.0,"NameSilo, LLC"
148775.com,148775.com,25-feb-2024,1708819200.0,"GoDaddy.com, LLC"
147sds.xyz,147sds.xyz,28-sep-2023,1695859200.0,"NameSilo, LLC"
145sds.xyz,145sds.xyz,28-sep-2023,1695859200.0,"NameSilo, LLC"
146sds.xyz,146sds.xyz,28-sep-2023,1695859200.0,"NameSilo, LLC"
148gg.com,148gg.com,14-aug-2023,1691971200.0,"GoDaddy.com, LLC"
149sds.xyz,149sds.xyz,28-sep-2023,1695859200.0,"NameSilo, LLC"
148wq.com,148wq.com,01-feb-2024,1706745600.0,Gname 025 Inc
149526.com,149526.com,02-mar-2024,1709337600.0,Dynadot Inc
14aee.com,14aee.com,18-jan-2024,1705536000.0,"NameSilo, LLC"
149949.com,149949.com,07-sep-2023,1694044800.0,Dynadot9 LLC
14add.com,14add.com,23-jun-2024,1719100800.0,"NameSilo, LLC"
14akak.com,14akak.com,30-jun-2024,1719705600.0,"NameSilo, LLC"
14agg.com,14agg.com,29-sep-2023,1695945600.0,"NameSilo, LLC"
14att.com,14att.com,18-aug-2023,1692316800.0,"NameSilo, LLC"
14azz.com,14azz.com,19-oct-2023,1697673600.0,"NameSilo, LLC"
14axax.com,14axax.com,28-dec-2023,1703721600.0,"NameSilo, LLC"
14bxbx.com,14bxbx.com,02-may-2024,1714608000.0,"NameSilo, LLC"
14ckck.com,14ckck.com,15-sep-2023,1694736000.0,"NameSilo, LLC"
14hao.online,14hao.online,01-mar-2024,1709251200.0,"Name.com, Inc"
14ddx.com,14ddx.com,22-nov-2023,1700611200.0,"NameSilo, LLC"
14dede.com,14dede.com,11-feb-2024,1707609600.0,"NameSilo, LLC"
14haoa.online,14haoa.online,01-mar-2024,1709251200.0,"Name.com, Inc"
14haob.online,14haob.online,01-mar-2024,1709251200.0,"Name.com, Inc"
14ddtv.com,14ddtv.com,16-aug-2023,1692144000.0,"NameSilo, LLC"
14haod.online,14haod.online,01-mar-2024,1709251200.0,"Name.com, Inc"
14dee.com,14dee.com,11-feb-2024,1707609600.0,"NameSilo, LLC"
14haoc.online,14haoc.online,01-mar-2024,1709251200.0,"Name.com, Inc"
14kvkv.com,14kvkv.com,21-jul-2023,1689897600.0,"NameSilo, LLC"
14haof.online,14haof.online,01-mar-2024,1709251200.0,"Name.com, Inc"
14haoe.online,14haoe.online,01-mar-2024,1709251200.0,"Name.com, Inc"
14sdsd.com,14sdsd.com,18-aug-2023,1692316800.0,"NameSilo, LLC"
14sds.com,14sds.com,02-may-2024,1714608000.0,"GoDaddy.com, LLC"
14tvtv.com,14tvtv.com,12-feb-2024,1707696000.0,"NameSilo, LLC"
14maoax.com,14maoax.com,01-jul-2023,1688169600.0,"NameSilo, LLC"
14spp.com,14spp.com,30-jul-2023,1690675200.0,"NameSilo, LLC"
15-02.productions,15-02.productions,03-mar-2024,1709424000.0,"Dynadot, LLC"
15-14.productions,15-14.productions,04-mar-2024,1709510400.0,"Dynadot, LLC"
15-17.productions,15-17.productions,25-feb-2024,1708819200.0,"Dynadot, LLC"
15-51.productions,15-51.productions,02-mar-2024,1709337600.0,"Dynadot, LLC"
14zgg.com,14zgg.com,16-nov-2023,1700092800.0,"NameSilo, LLC"
15-57.productions,15-57.productions,01-mar-2024,1709251200.0,"Dynadot, LLC"
15-54.productions,15-54.productions,28-feb-2024,1709078400.0,"Dynadot, LLC"
14pcpc.com,14pcpc.com,08-sep-2023,1694131200.0,"NameSilo, LLC"
15-77.productions,15-77.productions,02-mar-2024,1709337600.0,"Dynadot, LLC"
15-87.productions,15-87.productions,02-mar-2024,1709337600.0,"Dynadot, LLC"
15-84.productions,15-84.productions,26-feb-2024,1708905600.0,"Dynadot, LLC"
15-90.productions,15-90.productions,06-mar-2024,1709683200.0,"Dynadot, LLC"
15-95.productions,15-95.productions,26-feb-2024,1708905600.0,"Dynadot, LLC"
15-99.productions,15-99.productions,28-feb-2024,1709078400.0,"Dynadot, LLC"
150870.com,150870.com,04-mar-2024,1709510400.0,"NameSilo, LLC"
1515cn.com,1515cn.com,17-nov-2023,1700179200.0,Gname.com Pte. Ltd.
14xjj.com,14xjj.com,02-may-2024,1714608000.0,"GoDaddy.com, LLC"
15160044028.com,15160044028.com,08-apr-2024,1712534400.0,Gname.com Pte. Ltd.
150sds.xyz,150sds.xyz,28-sep-2023,1695859200.0,"NameSilo, LLC"
1518game.com,1518game.com,12-apr-2024,1712880000.0,Dynadot Inc
151515.mom,151515.mom,24-feb-2024,1708732800.0,"Name.com, Inc"
152sds.xyz,152sds.xyz,28-sep-2023,1695859200.0,"NameSilo, LLC"
152970.com,152970.com,20-mar-2024,1710892800.0,"NameSilo, LLC"
152633.com,152633.com,15-jan-2024,1705276800.0,"GoDaddy.com, LLC"
153130.com,153130.com,20-mar-2024,1710892800.0,"NameSilo, LLC"
151sds.xyz,151sds.xyz,28-sep-2023,1695859200.0,"NameSilo, LLC"
15337.wang,15337.wang,12-dec-2023,1702339200.0,Dynadot LLC
153560.com,153560.com,20-mar-2024,1710892800.0,"NameSilo, LLC"
153610.com,153610.com,20-mar-2024,1710892800.0,"NameSilo, LLC"
153203.com,153203.com,01-mar-2024,1709251200.0,Dynadot Inc
153630.com,153630.com,20-mar-2024,1710892800.0,"NameSilo, LLC"
155030.com,155030.com,12-jun-2024,1718150400.0,"NameSilo, LLC"
154821.com,154821.com,30-mar-2024,1711756800.0,Dynadot Inc
155082.com,155082.com,12-jun-2024,1718150400.0,"NameSilo, LLC"
155013.com,155013.com,25-aug-2023,1692921600.0,"NameSilo, LLC"
155063.com,155063.com,12-jun-2024,1718150400.0,"NameSilo, LLC"
155083.com,155083.com,12-jun-2024,1718150400.0,"NameSilo, LLC"
155275.com,155275.com,30-jun-2024,1719705600.0,"NameSilo, LLC"
155104.com,155104.com,12-jun-2024,1718150400.0,"NameSilo, LLC"
155239.com,155239.com,30-jun-2024,1719705600.0,"NameSilo, LLC"
15555.mom,15555.mom,19-feb-2024,1708300800.0,"Name.com, Inc"
155094.com,155094.com,12-jun-2024,1718150400.0,"NameSilo, LLC"
156sds.com,156sds.com,22-nov-2023,1700611200.0,"NameSilo, LLC"
155205.com,155205.com,30-jun-2024,1719705600.0,"NameSilo, LLC"
157-ky.pro,157-ky.pro,03-mar-2024,1709424000.0,Porkbun LLC
156970.com,156970.com,23-sep-2023,1695427200.0,"NameSilo, LLC"
156598.com,156598.com,17-jan-2024,1705449600.0,Gname 041 Inc
158-ky.pro,158-ky.pro,03-mar-2024,1709424000.0,Porkbun LLC
156ser.cam,156ser.cam,14-jul-2023,1689292800.0,Dynadot LLC
157705.com,157705.com,20-sep-2023,1695168000.0,"NameSilo, LLC"
1588yhj.top,1588yhj.top,19-jul-2023,1689724800.0,Gname.com Pte. Ltd.
155713.com,155713.com,30-jun-2024,1719705600.0,"NameSilo, LLC"
15820208181.com,15820208181.com,17-nov-2023,1700179200.0,Gname.com Pte. Ltd.
157215.com,157215.com,03-mar-2024,1709424000.0,Dynadot Inc
15908.wang,15908.wang,11-dec-2023,1702252800.0,Dynadot LLC
158gz.com,158gz.com,08-sep-2023,1694131200.0,Dynadot3 LLC
159167.com,159167.com,23-aug-2023,1692748800.0,"NameSilo, LLC"
15add.com,15add.com,23-jun-2024,1719100800.0,"NameSilo, LLC"
15aee.com,15aee.com,18-jan-2024,1705536000.0,"NameSilo, LLC"
159sds.com,159sds.com,22-nov-2023,1700611200.0,"NameSilo, LLC"
15aqq.com,15aqq.com,24-mar-2024,1711238400.0,"NameSilo, LLC"
15bxbx.com,15bxbx.com,02-may-2024,1714608000.0,"GoDaddy.com, LLC"
15ckck.com,15ckck.com,15-sep-2023,1694736000.0,"NameSilo, LLC"
15axx.com,15axx.com,22-mar-2024,1711065600.0,"NameSilo, LLC"
15agg.com,15agg.com,29-sep-2023,1695945600.0,"NameSilo, LLC"
15ddtv.com,15ddtv.com,16-aug-2023,1692144000.0,"NameSilo, LLC"
15azz.com,15azz.com,19-oct-2023,1697673600.0,"NameSilo, LLC"
15dee.com,15dee.com,11-feb-2024,1707609600.0,"NameSilo, LLC"
15hao.online,15hao.online,01-mar-2024,1709251200.0,"Name.com, Inc"
15fzw.com,15fzw.com,01-dec-2023,1701388800.0,Gname.com Pte. Ltd.
15ddx.com,15ddx.com,22-nov-2023,1700611200.0,"NameSilo, LLC"
15haob.online,15haob.online,01-mar-2024,1709251200.0,"Name.com, Inc"
15haoa.online,15haoa.online,01-mar-2024,1709251200.0,"Name.com, Inc"
15axax.com,15axax.com,28-dec-2023,1703721600.0,"NameSilo, LLC"
15haod.online,15haod.online,01-mar-2024,1709251200.0,"Name.com, Inc"
15dmdm.com,15dmdm.com,22-nov-2023,1700611200.0,"NameSilo, LLC"
15haoe.online,15haoe.online,01-mar-2024,1709251200.0,"Name.com, Inc"
15haof.online,15haof.online,01-mar-2024,1709251200.0,"Name.com, Inc"
15ie.cn,15ie.cn,10-mar-2024,1710028800.0,DYNADOTCHINA LLC
15kvkv.com,15kvkv.com,21-jul-2024,1721520000.0,"GoDaddy.com, LLC"
15qxqx.com,15qxqx.com,26-nov-2023,1700956800.0,"NameSilo, LLC"
15haoc.online,15haoc.online,01-mar-2024,1709251200.0,"Name.com, Inc"
15pcpc.com,15pcpc.com,08-sep-2023,1694131200.0,"NameSilo, LLC"
15tvtv.com,15tvtv.com,12-feb-2024,1707696000.0,"NameSilo, LLC"
15sds.com,15sds.com,02-may-2024,1714608000.0,"GoDaddy.com, LLC"
